hex_id,mobility_density,avg_time_in_hex,time_in_hex_variance,avg_visits_per_device
8866d14d05fffff,12457,183315.3638759634,2654127349701.9927,25.641486714297184
8866d14d29fffff,5843,56367.19799381348,305731944539.5283,26.869402985074625
8866d14d2bfffff,4053,163864.5191465469,1232807415694.2532,18.577843572662225
8866d14d63fffff,4760,82521.77706865284,493340128834.35175,31.356512605042017
8866d14d67fffff,1835,65588.10020277767,375220309020.2754,29.505722070844687
8866d14d6bfffff,8237,48373.41026232932,433405013156.2079,67.26564866229177
8866d1c443fffff,4396,101739.65954812957,1738657721901.387,35.36328480436761
8866d30491fffff,968,22091.017949465757,126158400933.5573,78.93078512396694
8866d30493fffff,5433,19666.202718035413,160983928147.50104,176.3879916397492
8866d30495fffff,864,57767.442057188244,297257535972.0358,30.252314814814813
8866d30497fffff,4430,16188.093663539685,117768072728.58723,248.37168549688724
8866d30499fffff,1262,106683.79490544192,1006991912069.5308,21.533280507131536
8866d304bbfffff,1975,50520.34895330852,503456150591.80457,34.27443037974683
8866d304dbfffff,2634,207400.01893278604,1014317348850.8993,8.420273348519363
8866d30681fffff,3793,140461.35046160923,848395459120.9171,9.169522805167414
8866d30683fffff,5466,98318.78199732417,397053246793.99316,10.578756674294432
8866d3068bfffff,868,18754.58271542612,117855631833.51491,110.55990783410138
8866d306bbfffff,2582,157049.5910307439,895118073474.8182,12.288148721920992
8866d320adfffff,53,360013.2262443439,5034539286517.422,5.169811320754717
8866d32101fffff,2906,61699.46897840951,292625489343.14526,21.972470750172057
8866d32103fffff,665,10401.058376466528,58237767222.22993,175.36541353383458
8866d32105fffff,224,5145.780002994685,24025427237.309467,239.52232142857142
8866d32107fffff,1341,31119.36990112209,83531007253.49696,35.5054012345679
8866d32109fffff,56,52485.990747879725,316728889703.15894,24.160714285714285
8866d3210bfffff,410,6183.34702317921,23452590346.482426,148.83673469387756
8866d32111fffff,1391,165639.27677988244,560285871118.996,9.834651329978433
8866d32113fffff,905,83045.6296423659,466339177426.3911,13.857458563535912
8866d32115fffff,161,3364.143274608501,15179686409.794231,445.2546583850932
8866d32117fffff,628,79667.10404624278,296595573283.52325,17.53503184713376
8866d32123fffff,737,31080.724436867495,276014935325.51074,38.40705563093623
8866d32125fffff,2363,74678.49779140868,321098794203.4595,23.03681760473974
8866d32127fffff,10551,116648.50278971942,1597728102039.0557,38.92569424699081
8866d3212bfffff,596,25789.57940456448,111448743773.83151,64.85234899328859
8866d32131fffff,1888,37750.435030918095,199067297866.73,52.566207627118644
8866d32133fffff,7289,138262.83562918528,621875337734.661,17.642063383180133
8866d32135fffff,5259,51046.4474736186,280518062908.0636,54.08556759840274
8866d32137fffff,800,37662.97292569579,214906930731.1042,48.8775
8866d32139fffff,2380,56659.729668997,466328242639.1466,24.56512605042017
8866d3213bfffff,2467,50996.07290794562,230600864557.972,41.72557762464532
8866d3213dfffff,3309,156481.85414071922,772831218312.7163,16.287700211544273
8866d32145fffff,389,30769.667452274334,82857729850.99365,44.74035989717223
8866d32161fffff,27793,182712.24798754693,1819668983924.8784,24.233079369775872
8866d32163fffff,540,49140.200408383884,232627871536.51166,31.840740740740742
8866d32165fffff,4614,23826.793493316327,186500256757.71136,136.67059870910305
8866d32167fffff,8976,159062.62813130446,693275886860.303,15.0274064171123
8866d32169fffff,24440,519439.1789844901,6117447884410.263,12.035433715220949
8866d3216bfffff,89,31874.60787207872,263935958822.89978,46.78651685393258
8866d3216dfffff,7068,55945.74654829908,483300734722.739,50.52896143290481
8866d32185fffff,698,10298.182455188266,43711021545.20303,180.68194842406876
8866d32187fffff,171,9935.996613312906,55382252171.21937,146.08771929824562
8866d321a1fffff,5783,46287.94267679838,243704933246.412,62.161162026629775
8866d321a3fffff,1533,53649.94017204116,285320456982.03925,46.585127201565555
8866d321a5fffff,2995,126426.87997817397,449136002714.3854,14.926570779712339
8866d321a7fffff,851,63160.99377019689,283547878845.97003,36.2737955346651
8866d321abfffff,1215,138457.33931240658,725625283694.4497,9.26008230452675
8866d321b1fffff,2314,36400.11550122565,159705845702.5449,54.62532411408816
8866d321b5fffff,841,25529.44709039855,169162885532.39255,77.64565992865636
8866d321b7fffff,883,20280.631025797826,104768339053.44511,110.26500566251416
8866d321bdfffff,2398,201296.23404817472,911590342423.898,10.689741451209342
8866d321c1fffff,269,42841.95082708126,178086842017.11267,42.182156133829
8866d321c5fffff,200,10073.343415063868,46381726692.228386,103.195
8866d321e1fffff,2892,133078.60074814106,528721475979.83795,16.21576763485477
8866d321e3fffff,3848,158023.86817433307,696594902431.602,13.050155925155925
8866d321e5fffff,6059,112103.6360996409,576613975471.3551,24.304340650272323
8866d321e7fffff,2951,105963.048833832,543101573972.7313,20.37106065740427
8866d321e9fffff,1834,59210.67208854668,240011700663.11505,35.030534351145036
8866d321edfffff,4009,108197.84491081804,465732211886.3458,21.91968071838364
8866d32201fffff,880,108449.42197736748,645788347471.3862,16.3
8866d32203fffff,439,40158.93675243596,233569828378.3079,40.043280182232344
8866d32205fffff,2291,71339.08339386062,319585340647.5693,23.968572675687472
8866d32207fffff,6012,144940.97123817075,649327688515.0161,14.485362608117098
8866d32209fffff,137,116199.75,868278847496.9662,7.854014598540146
8866d3220bfffff,2651,104852.57940186368,418446033844.64825,9.574500188608072
8866d3220dfffff,852,49858.235648334005,223065754141.05627,24.661971830985916
8866d3221dfffff,649,31488.87868453106,222337576968.40927,32.6271186440678
8866d32221fffff,4400,127999.72821895743,586618760319.99,19.640227272727273
8866d32223fffff,714,42681.15499657355,184509963558.445,35.752100840336134
8866d32225fffff,1650,46739.01314290721,210134988515.8555,49.447878787878786
8866d32229fffff,1851,52884.442264343255,331783392825.5353,28.593733117233928
8866d3222bfffff,2463,251027.41608698195,1069403876122.4674,8.038164839626472
8866d3222dfffff,2856,37644.939836101934,158864564328.39844,59.4562324929972
8866d3223dfffff,494,55157.206341971614,261708177047.98114,32.14777327935223
8866d32249fffff,980,79707.42744639772,306877789125.1591,21.086734693877553
8866d3224bfffff,2007,96221.89816213494,409130037159.8326,20.796711509715994
8866d32255fffff,459,27342.716915938596,177569796136.07132,45.407407407407405
8866d32261fffff,1822,53790.565110393574,342681692174.37854,32.44731064763996
8866d32263fffff,697,16670.13149896534,84661398284.41803,89.91104734576757
8866d32267fffff,1310,25746.19768448388,147407417484.5661,92.75496183206107
8866d3226bfffff,800,41475.70564680119,174077601758.53726,41.03625
8866d3226dfffff,88,23312.521374927786,27378909616.766853,40.375
8866d322c1fffff,1536,42297.33183440051,200201159141.68143,27.770833333333332
8866d322c9fffff,196,8113.560130544552,28131091197.70248,249.60714285714286
8866d32303fffff,5410,133108.1857327903,479883037567.68933,16.915526802218114
8866d32305fffff,2471,229763.01861042183,933329335878.2131,7.2391744233104
8866d32307fffff,988,26844.639459697348,112041036548.98853,60.993927125506076
8866d32309fffff,5188,152385.34492385155,461450694802.7047,16.66461063993832
8866d3230bfffff,2326,75322.02608153314,300733384269.668,31.337489251934652
8866d3230dfffff,2478,37338.72855328337,155490307989.99014,64.61138014527845
8866d32315fffff,2325,36701.234007761326,134855959380.13289,27.296492071119655
8866d32319fffff,1421,116363.03760057768,422296199486.9625,14.651653764954258
8866d3232bfffff,446,13118.455383100069,53166025223.94957,142.13677130044843
8866d32335fffff,80,25653.545535081503,118948267328.32248,71.5625
8866d3233dfffff,1109,25889.088482592808,130808445623.15526,67.47971145175833
8866d32343fffff,4271,35951.487480321826,86841235282.56482,47.37696089908687
8866d32345fffff,7797,97146.86786172274,310355671316.67346,29.408490445042965
8866d32347fffff,9855,72120.58983366565,183955261458.68115,31.574006084128815
8866d32349fffff,581,53753.29819641483,295664496649.8765,32.311531841652325
8866d3234dfffff,1519,29712.980042389376,124228409474.24179,77.11586570111916
8866d32353fffff,4940,107512.81988942507,484250750257.1954,24.03157894736842
8866d32355fffff,2333,53335.941739786205,199947004729.9951,36.94470638662666
8866d32357fffff,6977,151615.48380536144,636675572071.4374,14.653146051311452
8866d32363fffff,496,11810.303724347606,36228798562.19458,81.08870967741936
8866d32367fffff,7280,173434.7689158036,898394634268.5653,6.301785714285714
8866d3236bfffff,2746,69851.56696950278,296000190253.84125,29.986890021849963
8866d3283bfffff,1608,36656.45343849671,549519768450.53394,80.17164179104478
8866d32841fffff,13147,54390.30833810783,718909735208.5898,56.89625009507873
8866d32843fffff,24285,55450.08610620057,530686258042.32294,53.79281720430107
8866d32849fffff,22572,30030.176405544047,239108953987.4407,79.42839018889202
8866d3284bfffff,36124,89395.90182496584,824202605067.5779,35.852582671293774
8866d3284dfffff,13584,191242.17180078235,2854439902295.812,7.327002355712603
8866d3285dfffff,5016,99635.42695761022,1319434741097.4072,26.80622009569378
8866d32887fffff,743,43802.86667797185,187814007292.99512,40.790040376850605
8866d32a05fffff,27561,123426.31381576115,1854675600956.5288,26.290882043467217
8866d32a09fffff,26488,107967.34558930344,1025951330567.2085,31.832869413074597
8866d32a0dfffff,40507,94509.31098314014,1254123770840.8396,23.222052718451458
8866d32a1bfffff,2499,54807.01310104048,279863210682.5946,35.7563025210084
8866d32a21fffff,37406,269677.20924263593,3774738132279.817,13.006389349302252
8866d32a23fffff,21527,45298.72898386411,330971542637.3223,70.50753175150143
8866d32a25fffff,12419,58522.34117213877,786159776575.3672,54.040824543038894
8866d32a29fffff,28277,95694.48356787022,1115344259163.6543,25.515517863587153
8866d32a2bfffff,10471,32531.494657396903,278324272706.8469,69.06942954656265
8866d32a2dfffff,22499,137992.45935119397,1840230123134.1047,30.153073469931996
8866d32a35fffff,7970,36935.94046864513,297026969100.61017,78.70934122490993
8866d32a37fffff,25593,207872.23541856528,2946612733628.8003,16.615558941898176
8866d32a41fffff,26881,171699.66464821645,2509407062602.821,26.441910643205237
8866d32a43fffff,7852,17818.236647163045,170331079231.55527,115.55929363237948
8866d32a45fffff,29408,65281.63474517871,539479046793.5164,48.34739598487052
8866d32a47fffff,21217,98733.96093120977,1423574401491.418,40.57317245604939
8866d32a49fffff,33603,117278.24230093075,1225245005033.026,31.21909159442141
8866d32a4bfffff,29094,96347.57695855436,906501337443.0211,37.68629470469155
8866d32a4dfffff,20458,62378.53401844801,773120294893.193,41.148190325295836
8866d32a53fffff,400,14949.442913522122,57868014094.23924,109.33
8866d32a55fffff,4085,19233.165076624413,180890106314.23938,127.58552128473107
8866d32a59fffff,20651,184999.41984017295,2499428868061.8623,25.29407776863106
8866d32a5bfffff,2788,55542.777100329804,307165705246.98816,34.175394548063124
8866d32a5dfffff,5924,40624.94852352119,445732556627.0506,82.54540850776502
8866d32a61fffff,27007,72624.51987383986,601072993588.5366,56.04885543094177
8866d32a63fffff,21379,52514.07270755351,584242562607.2377,44.42521619961249
8866d32a67fffff,23784,158917.870581821,1447159862917.4626,20.480788564934212
8866d32a69fffff,7238,32249.184246543708,413098191010.0324,123.64921248963802
8866d32a6bfffff,12469,19869.70256538013,131368664738.70148,145.82605013550136
8866d32a83fffff,1074,115448.17652139251,592148639933.3766,15.057728119180632
8866d32a8bfffff,1148,34773.5740088352,189255749222.752,47.73257839721254
8866d32a8dfffff,211,82065.66794185157,593167046259.6268,25.777251184834125
8866d32a91fffff,1061,38261.52119934411,213039020995.3094,45.26013195098963
8866d32a95fffff,2144,106435.22384090646,655468736865.3044,21.17257462686567
8866d32a9bfffff,2389,103930.69841993315,711385151706.3707,17.54416073670992
8866d32a9dfffff,1478,74299.04476914692,439973259945.24365,27.081190798376184
8866d32ac1fffff,676,8338.242699711025,37166366069.551094,152.04289940828403
8866d32ac3fffff,1979,114658.84540059348,537771957943.24365,18.097018696311267
8866d32ac7fffff,645,10830.638829148395,60621396384.65388,167.61550387596898
8866d32ac9fffff,5043,83347.8275829754,393975001397.41486,26.39619274241523
8866d32acbfffff,3957,44806.46621136071,160587336882.97638,28.465103745621125
8866d32ad3fffff,4509,98907.30947812497,842995044420.8157,18.541805278332223
8866d32ad5fffff,1026,15007.215198140862,77717211561.61931,129.3849902534113
8866d32ad7fffff,1326,65555.42035646227,359454032433.97894,27.92760180995475
8866d32ad9fffff,857,12682.94339307523,81957560525.03279,112.7946324387398
8866d32adbfffff,1330,62794.27490774908,340167098638.08234,30.348872180451128
8866d32addfffff,793,37759.431045166624,191625606127.6993,37.7906683480454
8866d32b11fffff,3906,60792.695082178536,687467889758.7966,40.723246287762414
8866d32b13fffff,13710,47315.22791793385,426267863849.81036,65.12854859578354
8866d32b15fffff,1401,33215.69374505179,448735389535.8705,60.024727272727276
8866d32b19fffff,1546,31560.684350461495,388652646205.58307,94.91009055627426
8866d32e65fffff,564,121481.05450103364,539139996294.4859,10.588652482269504
8866d32f49fffff,874,23805.90838937819,156901373472.97562,70.24256292906179
8866d32f4bfffff,851,22182.097977832804,115736947497.49855,62.547314578005114
8866d33065fffff,550,12473.208867609344,57628197809.28116,155.64909090909092
8866d3309bfffff,3139,127564.43640864207,734875094619.4407,12.883720930232558
8866d33101fffff,11227,52631.63999864092,431608185371.65173,67.45020069074955
8866d33103fffff,4567,21168.042732544152,172672683900.4082,142.4036945257941
8866d33105fffff,28120,137071.06336422695,1248022991858.1064,31.004060761016696
8866d33107fffff,723,13837.533923477919,75377243235.60205,141.6721991701245
8866d33109fffff,14496,151666.4171565906,1948878803846.5227,30.07698675496689
8866d3310bfffff,21723,146777.4232244303,1369717508735.4824,25.182497071456464
8866d3310dfffff,14182,51353.20107166776,447772119187.3293,67.18292047905973
8866d33111fffff,1253,84742.03581070756,548880068050.52136,16.67757382282522
8866d3311dfffff,6738,140128.94948471483,1767702116039.107,28.40739091718611
8866d33121fffff,3980,60553.748048956084,773544802398.8551,44.63417085427135
8866d33123fffff,15315,34410.176017676684,305056787449.45166,93.18709590517241
8866d33125fffff,35297,251009.75737771724,3093337167214.8105,23.526305351729608
8866d33127fffff,4908,21138.906213200222,183139457253.25903,179.39460370994942
8866d33129fffff,2225,30796.070382417583,247696786151.34726,52.15595505617978
8866d3312bfffff,8606,46142.002881373526,411713148774.5072,57.623636363636365
8866d3312dfffff,32737,380099.7737748937,4832534577027.945,13.715001374591441
8866d33131fffff,1835,72180.88694160063,492384063744.1847,29.295367847411445
8866d33135fffff,5724,25495.73791358278,204436974941.9547,112.5773381294964
8866d33137fffff,4161,75881.72428453795,870797159493.9553,44.034847392453734
8866d3313bfffff,399,32406.662492495067,154247226290.79782,30.230576441102755
8866d3313dfffff,216,143144.53303471443,1362891083393.0576,5.138888888888889
8866d33141fffff,1975,28501.94345983896,382836379435.974,95.76506329113924
8866d33143fffff,10611,41744.20050203355,372828779027.98193,77.5198649951784
8866d33147fffff,8751,37136.0417967317,498397908233.94495,107.5298822991658
8866d33149fffff,2773,41874.71179656228,496077395193.4376,60.791922106022355
8866d3314bfffff,13913,105968.6741565988,1368378534848.9565,38.82606195644362
8866d3314dfffff,9837,648026.2524449062,8476107145993.727,7.870183999186744
8866d33151fffff,1500,25797.947396826537,122160475777.81776,75.15133333333333
8866d33153fffff,20708,270317.42839300813,3861020221408.4766,18.62304423411242
8866d33155fffff,2945,25246.277162460883,140803980281.23828,60.15687606112054
8866d33157fffff,6099,178298.20979554747,932094662979.0764,10.190031152647975
8866d33159fffff,6906,72425.67160579476,1022293095736.7059,54.017231392991604
8866d3315bfffff,5302,67727.25887735539,314442855748.3968,25.77159562429272
8866d3315dfffff,4830,116227.6941923775,902745011928.8289,15.180745341614907
8866d33161fffff,13987,131285.6674202446,1696702350232.1858,35.35761778794595
8866d33163fffff,26292,407121.138638698,5106374960552.406,12.6154343526548
8866d33165fffff,34027,125183.75860158663,991764667147.3776,39.354396709040856
8866d33167fffff,55760,258922.11730070185,2684069031049.213,15.666792766891126
8866d33169fffff,14215,123330.71860468964,1082714719078.3745,30.20401116661769
8866d3316bfffff,1186,55416.811457264725,298325932886.4904,17.031197301854974
8866d3316dfffff,10554,61877.2148492953,768077926717.2932,73.48881940496494
8866d33193fffff,316,24382.00162759155,165500633914.1838,82.86075949367088
8866d33197fffff,263,23519.334483175986,135744937237.5249,63.87832699619772
8866d331a1fffff,1140,55545.05946676496,235818112171.4668,29.776315789473685
8866d331a7fffff,101,98569.78025477707,821922664293.7283,7.217821782178218
8866d331adfffff,3706,39198.23764200531,209152401620.7322,48.82892606583918
8866d331bdfffff,242,20353.998749583196,113500451675.49825,50.599173553719005
8866d331e7fffff,267,15131.0573681151,68029201184.71538,104.21348314606742
8866d331edfffff,360,8325.434313593292,34366894632.24999,227.60833333333332
8866d33325fffff,3710,144658.81272524735,761891757141.1787,13.34366576819407
8866d33327fffff,528,259509.82850707852,1981962010268.838,6.901515151515151
8866d33331fffff,1051,36735.61077939909,348222189224.76227,30.878211227402474
8866d33333fffff,6743,81327.01142885193,1080225967537.7426,37.31054426812991
8866d33335fffff,5603,45183.05274421248,501265984414.52014,53.36623237551312
8866d33337fffff,1982,40170.531862602526,229199300926.0103,35.694248234106965
8866d33339fffff,2105,54522.676099392986,713893305970.0645,44.52541567695962
8866d3333bfffff,2884,23431.971658915303,168896500137.59586,102.63282087951376
8866d3333dfffff,3215,39020.10796160776,326952297705.7268,82.24800255672739
8866d3336dfffff,773,17084.827701752456,55142218621.20857,106.86545924967659
8866d3376dfffff,619,50094.4155988858,304493484783.39575,32.91276252019386
8866d33813fffff,18971,179206.08295050787,1564609002245.0173,22.288831978621534
8866d3381bfffff,5964,20466.254308402233,194270506289.1997,82.32522692241822
8866d3385bfffff,2369,53482.54164135246,798146328669.0349,35.0726044744618
8866d33881fffff,22690,95929.2579777651,1430580889415.3684,39.53530189510798
8866d33885fffff,41574,100603.66891353534,949354320944.894,33.66398190270217
8866d33887fffff,16095,61020.50744484994,906524655221.0642,63.80472196334265
8866d33889fffff,60337,173536.88545672508,2195859037263.1042,18.08519386957556
8866d3388bfffff,38518,117735.2930051415,981664814293.0941,40.80282777058127
8866d3388dfffff,22612,70968.7494782628,703500376108.6047,45.30831708901884
8866d33891fffff,5759,21217.573982129543,177945922894.7976,167.58437042459735
8866d33893fffff,671,23442.150406028162,322538001903.37164,141.02980625931446
8866d33895fffff,32843,149877.41605731455,1894727514982.8105,24.067408781694496
8866d33897fffff,45533,177471.13342408414,1951131638629.9622,20.96150228433217
8866d33899fffff,59,64445.56405353729,468485756982.10065,18.74576271186441
8866d3389dfffff,4576,19878.709503810038,205943787919.4555,130.79446552108905
8866d338a1fffff,31348,225437.26359681538,3103882559505.622,21.863787163455402
8866d338a5fffff,3595,42152.10452662531,626485824953.926,52.842837273991655
8866d338a7fffff,25757,83575.25325708865,831174602582.8599,41.008635715417526
8866d338a9fffff,22006,158039.08702967322,1407579807569.9634,21.68208313425705
8866d338abfffff,36355,179265.04962998134,1933248719902.292,17.146390451050156
8866d338b1fffff,3350,27241.361405779626,305277398374.18146,84.45752836553204
8866d338b3fffff,4372,49835.02833751588,629345540849.5898,65.62122598353156
8866d338b5fffff,34348,89440.00380989908,798825384106.998,44.33396329939645
8866d338b7fffff,24412,127170.76145894072,1216280705997.292,30.948860693940965
8866d338b9fffff,23663,397262.75641571556,4642963709526.869,15.105988251700968
8866d338bbfffff,26869,220484.79960519803,2423374057918.1846,9.439028994261552
8866d338bdfffff,42987,278061.3670425634,3725354148910.9897,18.047642310465953
8866d338c1fffff,42883,101896.68249233202,892953449563.9884,39.6732290566135
8866d338c3fffff,43198,134825.14773734566,1599610530767.3352,27.938940943661635
8866d338c5fffff,22734,85889.99790975696,879802175952.8132,40.84349175911976
8866d338c7fffff,39031,242481.38203373525,2540398653856.077,18.4463281418992
8866d338c9fffff,58747,178575.78306225032,1478819214284.4768,31.079920859652944
8866d338cbfffff,47388,188369.9199760353,1683166985238.4268,25.416788239254853
8866d338cdfffff,26903,103847.48094732259,1109014024256.7007,34.92864462747182
8866d338d1fffff,12767,85192.43835437785,973904674599.0447,40.31142948615335
8866d338d5fffff,45997,141105.47701371665,1248300925023.554,30.104964927913723
8866d338d7fffff,3492,21884.27508304944,228994585857.8022,90.00115975645114
8866d338d9fffff,10764,161279.3940498043,2292627529387.275,27.87263099219621
8866d338ddfffff,53534,101219.35025198343,814455963879.3668,42.026712805688604
8866d338e3fffff,11514,34254.8118543917,339127228976.48145,90.85929011227816
8866d338ebfffff,25662,201466.15579811623,2755726784084.401,25.452497856753176
8866d3399bfffff,4977,29788.911543144128,299986950906.7931,84.16207322089674
8866d33a01fffff,3891,27300.03279721657,358777330496.53925,98.87715240298124
8866d33a03fffff,34819,135854.3948760858,1314239146220.6765,28.562208168331463
8866d33a05fffff,1910,26094.760964808076,335001678574.85046,111.18638743455497
8866d33a07fffff,4289,53370.87586449376,757881665280.9172,63.357425973420376
8866d33a09fffff,8331,92177.9797060424,1269548516902.1455,41.38314728123875
8866d33a0bfffff,9253,31550.35858588481,293542593741.80975,96.49786564816895
8866d33a0dfffff,1456,24932.66207861892,342827821899.02686,83.48489010989012
8866d33a11fffff,17935,220180.6320690553,2884646973842.204,22.048954558126567
8866d33a13fffff,22022,119690.7628840403,1108375291709.9746,34.04724897492133
8866d33a15fffff,13064,32736.50176729339,228278025119.07974,106.75224636497305
8866d33a17fffff,31018,110080.77308592257,976859408168.3918,40.98186261013216
8866d33a19fffff,18740,47308.99295478297,404084001547.3108,68.74861388334442
8866d33a1bfffff,9955,55502.69851088732,811837288722.7124,74.72737317930688
8866d33a1dfffff,15415,50498.908161847394,591136435793.5645,56.37698568990416
8866d33a33fffff,5756,20456.16435531548,182228212689.58377,108.65338292596529
8866d33a39fffff,5274,36141.131817782814,477665607022.0752,89.61281759575274
8866d33a3bfffff,6822,30910.68366834909,331843007122.8284,85.86733936785873
8866d33a41fffff,6618,24813.672162308576,230629553437.96738,115.23451327433628
8866d33a43fffff,7012,27560.84007425954,244810625884.37842,115.12576241649724
8866d33a47fffff,9111,74467.52491263949,1089596103961.8027,51.663483701020745
8866d33a51fffff,41625,147571.92840696865,1454370946741.2595,28.83106287805622
8866d33a53fffff,18581,44328.354578988816,447922805879.24005,61.59169916434541
8866d33a55fffff,10614,52112.959201013946,445643089470.4497,70.24672510588003
8866d33a57fffff,20651,97648.78914901934,861160072918.4604,30.43364989081306
8866d33a59fffff,2411,29777.42510152709,526897112184.9426,97.73040232268768
8866d33a5bfffff,29109,117938.4302403168,1631099095444.2852,29.476210106839808
8866d33a63fffff,2536,57020.046102030996,692993952076.657,55.092665615141954
8866d33a81fffff,31460,97868.86134145802,1205232739123.769,31.05380041780492
8866d33a83fffff,40808,149955.07670533383,1118149780867.6624,37.99721433964229
8866d33a85fffff,50012,143228.86598872408,1185943987357.0342,32.22733624454148
8866d33a87fffff,55463,70278.81661418216,388039236481.72534,55.96637254074137
8866d33a89fffff,30893,101152.03944366645,931503657444.9769,43.64288428981101
8866d33a8bfffff,36903,107879.83239819955,939410909815.2563,40.074067614313535
8866d33a8dfffff,12412,97148.58282752371,1265569882431.0107,41.779809861424425
8866d33a99fffff,5821,333903.34355343843,1157173613448.6924,7.536333963236557
8866d33a9bfffff,1370,29030.316952612127,110284985186.06485,67.17956204379563
8866d33aa1fffff,9569,36377.22978359758,296557016285.83136,132.5663882171906
8866d33aa3fffff,30341,119908.03918874332,967901532650.6211,38.42257116877666
8866d33aa7fffff,973,266707.7973919343,2785883566737.0044,5.257965056526207
8866d33aa9fffff,13162,73996.75773448485,583007831969.4828,71.7551830255912
8866d33aabfffff,79022,147281.90119998413,1008862599665.6517,34.077945391898545
8866d33aadfffff,2581,17568.489777331462,251220722170.46918,245.6113909337466
8866d33ab1fffff,52455,86346.96777444333,615422574832.0433,58.50485415854028
8866d33ab3fffff,3071,27542.145154574813,273165636018.48788,104.98814363143632
8866d33ab5fffff,43103,244012.2445270329,2563242981557.3525,16.93723211042499
8866d33ab7fffff,64286,136730.06225206467,954444988787.2579,35.71520416087263
8866d33ab9fffff,30054,144665.48130635286,1312879073321.6382,34.28486467236467
8866d33abdfffff,70855,208917.5685699712,1652087230050.168,25.27995923505785
8866d33ac1fffff,33635,126444.55661600956,1081481457778.2062,38.86867857819307
8866d33ac3fffff,17289,139550.690138831,1895152183119.851,39.04303314246052
8866d33ac5fffff,43771,146901.39117839962,1186045478710.3892,29.282082820828208
8866d33ac7fffff,32940,89972.08743826895,809055660094.4652,44.02770756048718
8866d33ac9fffff,14023,40727.787978099856,340612787816.23444,98.75805265480217
8866d33acbfffff,21308,47386.920011266935,554775301106.1284,62.492015725865166
8866d33acdfffff,20451,70858.25208781616,655058839645.423,61.55081237710856
8866d33ad5fffff,26018,297801.59824142593,3352924088693.998,15.943615958182797
8866d33ad7fffff,8804,52401.135051024976,763542552329.1877,44.68029612756264
8866d33ad9fffff,445,29999.606323479056,269894256829.52023,60.087640449438204
8866d33adbfffff,98,155375.53287981858,934162617815.5543,5.5
8866d33addfffff,3506,27157.399417061366,339559450199.9593,116.10781517398745
8866d33ae1fffff,19608,79881.7108725265,789757975422.9156,54.068792859475344
8866d33ae3fffff,58941,165025.44207979378,1337816369942.978,29.16809784961755
8866d33ae5fffff,4090,17884.906170747032,160346634744.3046,147.1815446339017
8866d33ae7fffff,34831,176881.47626498464,1493092494344.0605,28.309111561367963
8866d33ae9fffff,2844,110888.68451938128,1611262731598.3481,13.400214592274677
8866d33aebfffff,21626,518304.1768698706,6049579953202.0,9.575141033940627
8866d33aedfffff,12175,93905.30464550818,1211047014937.502,45.90899383983573
8866d3ad07fffff,688,248941.61373873873,1626553046762.5986,4.905523255813954
8866d3b141fffff,413,243504.05142677957,1570875170937.0461,8.721549636803875
8866d3b147fffff,1691,55884.741657037994,392341535834.3001,35.803666469544645
8866d3b161fffff,50,18467.12368325463,109161800056.8229,111.12
8866d3badbfffff,644,40417.59624747655,274087380590.2501,53.30590062111801
888f0d9107fffff,4761,290913.7296640279,3874397615573.835,11.109010712035287
888f0d9121fffff,20048,79352.57119612697,835309309248.6187,48.28307835435187
888f0d9123fffff,19077,100980.88307970416,815390002089.7294,47.3592034861272
888f0d9125fffff,32177,95561.42817668193,910704984690.4985,45.81964215750294
888f0d9127fffff,11349,58580.54315175608,493236692335.9344,71.04452244596342
888f0d9129fffff,9579,81954.39745869904,1160152401233.844,49.777638584403384
888f0d912bfffff,7884,140717.55487735625,1858426633248.436,35.62455606291223
888f0d912dfffff,16284,62297.43923048275,575261869111.7952,67.26076402197522
888f0d9131fffff,4589,36671.065533070134,547232437637.677,93.95293092176945
888f0d9133fffff,2637,115160.2946131963,520288921899.83417,21.72810011376564
888f0d9135fffff,10034,219521.88902572202,1698623485413.3423,21.71630011575292
888f0d9139fffff,2076,32162.01487408815,273904952785.86978,95.22702159718735
888f0d913dfffff,5425,71681.00606631467,918253236822.0625,64.99465437788018
888f0d9167fffff,6189,73478.29435772132,906263321567.5518,61.57893036031669
888f0d9569fffff,11656,49169.32837245666,406904043963.6314,90.96703880914407
888f0d956bfffff,7844,115115.6920052913,1836886159092.5266,35.213029066802655
888f0d9a0bfffff,2742,45095.89241895122,494236493105.2745,79.11633843909556
888f0d9a11fffff,1464,27478.374616757737,455231494409.5649,101.34699453551913
888f0d9a19fffff,12671,129104.0994626077,1893343232089.43,29.91784389550943
888f0d9a1bfffff,7649,43234.23237240971,391089616994.4795,94.38942635236408
888f0d9a1dfffff,3974,94154.59780028327,1069571908929.3846,38.84197282335179
888f0d9a51fffff,4760,31960.066295307424,272219812329.2699,124.92526455026454
888f0d9a53fffff,8217,83033.67444924379,941671849863.1199,33.68929990069513
888f0d9a55fffff,1091,40825.47694350689,409692328074.58154,83.83226397800183
888f0d9a57fffff,8302,58057.88141062255,530152012115.8303,68.61377844461116
888f0d9a5bfffff,3842,31550.22735439419,288609490467.6328,117.17651888341544
888f0d9ac9fffff,2631,59538.54161718011,354926549003.9636,32.362219688331436
888f0d9acdfffff,10695,79182.6857644925,997549160113.1362,32.232564786585364
888f281acdfffff,9207,394909.9310059846,7136580224682.423,12.434126208319757
888f282833fffff,1248,27680.219890943576,141384841129.872,102.39503205128206
888f286215fffff,2804,42555.15961421617,548015581133.191,103.14978601997147
888f286217fffff,1978,49235.10862266488,569244838462.6605,77.36400404448938
888f28623bfffff,5971,57595.12060104255,519159994361.1548,64.76047800484932
888f286417fffff,947,15436.539474685127,92812720475.96513,98.17212249208025
888f28643bfffff,213,12634.242115737905,36495130786.184074,123.67136150234742
888f286489fffff,1182,287919.83634521195,1256507418548.4858,6.0245346869712355
888f28648dfffff,2150,147888.77673478553,682561117504.6777,11.608837209302326
888f2864a5fffff,8071,68805.5755737014,235607245899.2484,27.04163052905464
888f2864a9fffff,203,42667.9650525354,418192146554.36035,22.576354679802957
888f2864adfffff,5127,133742.00436010808,541198230339.4948,20.070411546713476
888f2864b7fffff,303,45414.29869044302,188674591626.86572,36.537953795379536
888f2864d5fffff,1070,150270.91928632115,489277753733.63605,8.794392523364486
888f2864e3fffff,1859,101460.25149197277,513541140478.59454,20.231845077998923
888f2864e7fffff,2522,121119.87628422985,462967622366.36084,11.54599524187153
888f2864edfffff,1647,99762.3771970982,495090921044.6274,17.823315118397087
888f286511fffff,951,43621.52818678546,245850100647.97964,48.91903259726604
888f286513fffff,1416,14585.236591895653,43048852573.90958,146.65585443037975
888f286531fffff,770,24031.15012264162,154411094204.4972,112.72467532467533
888f286581fffff,475,120047.17860151643,810453246614.3976,5.997894736842105
888f286583fffff,2414,79555.12169204236,1007704162119.2852,45.683098591549296
888f286585fffff,6636,80976.91720142734,320787301125.6516,22.025165762507534
888f286587fffff,7770,217251.58474366684,986628078445.0448,11.596859386152747
888f28658bfffff,5676,203489.15458288853,753694730058.0845,12.557434813248767
888f28658dfffff,970,70923.99584827326,457568936609.9819,22.85463917525773
888f286591fffff,284,84947.26263627353,276216087235.0812,4.552816901408451
888f286595fffff,12992,43692.8248767321,348362142102.55206,94.79259319155818
888f28659dfffff,2582,21021.70997089521,232671243624.56964,135.62848050914877
888f2865a1fffff,914,14662.934092307692,97033320084.90428,107.67505470459518
888f2865a3fffff,33573,184029.9815197371,1362172370449.387,27.031727158948687
888f2865a7fffff,11476,45638.93870483318,407982261399.72363,66.1114055931274
888f2865abfffff,2568,24985.54730086249,328065901967.62726,118.34306853582555
888f2865adfffff,839,14118.023069977427,83055685673.58696,159.51728247914184
888f2865b1fffff,273,148928.67383512546,743706280414.307,2.021978021978022
888f2865b5fffff,28207,218596.40937768243,1608021303546.7654,22.550118926265714
888f2865b7fffff,28252,155959.4858673879,1170661327015.4922,29.036259685548785
888f2865b9fffff,19294,440608.6154881182,4247175428761.618,12.98253343008189
888f2865bdfffff,13770,184612.90500785987,2275820631150.8096,26.54872912127814
888f2865c5fffff,4687,59656.003404233925,258772603433.3421,43.63964156176659
888f2865d3fffff,1472,16325.214371611215,86310437567.29756,65.9069293478261
888f2865d7fffff,7481,120969.37545797977,505996319896.1821,22.153188076460367
888f2865ddfffff,1675,19580.31946185343,71243333364.39507,38.46388059701493
888f2865e9fffff,897,10581.896207095971,45784484959.23063,151.39367088607594
888f2865ebfffff,1915,46643.39268503408,259740805443.57074,55.39686684073107
888f286e87fffff,837,185691.7653320623,1650337531661.4954,8.519713261648745
888f286e99fffff,2046,48896.13006836501,652690772047.591,56.910068426197455
888f286ea9fffff,2805,51045.2030515926,603949734847.6353,75.59928698752228
888f296da7fffff,199,317400.04187192116,1651208052177.571,3.040201005025126
888f2990c7fffff,32693,157701.02326670778,2555640599868.361,28.81681093812131
888f2990ebfffff,20854,93328.0553008153,1025399900410.9554,38.65446018758731
888f2990edfffff,9681,100090.0669468471,1378097393525.9905,36.54240264435492
888f2a0c9bfffff,1476,137395.82696066934,745808244340.4565,9.665989159891598
888f2a0cbbfffff,357,17295.468420052657,110490560385.79114,104.2016806722689
888f2a0db7fffff,623,17188.73792376318,128608690354.89763,99.98715890850723
888f2a1625fffff,1434,27481.469771054468,89670546175.42012,56.30486944248412
888f2a1759fffff,2936,21663.290048852214,117984824494.50914,50.57254768392371
888f2a3967fffff,4379,145622.80936236022,1194288246152.4639,12.518154829869832
888f2a7609fffff,7315,61384.71251202193,510536481477.682,69.4401776758848
888f2a7661fffff,4848,68163.95941347726,823724794763.9589,57.288572607260726
888f2a7665fffff,3132,65586.54868051491,762009533215.3129,25.042303937520337
888f2a7667fffff,5474,54924.10498159235,448799500711.60284,59.526088588588586
888f2a7759fffff,4126,54744.92514097522,279442513169.77875,21.786233640329616
888f2a775bfffff,3685,65882.92652252695,773953514540.4747,54.01872455902306
888f2a8d87fffff,1471,92967.9212911021,604367825353.1124,16.75798776342624
888f2b4059fffff,1102,88116.49910582381,349283794750.8802,12.67059891107078
888f2b4221fffff,2662,51617.07922726856,310144430828.8502,29.65777610818933
888f2b422dfffff,3544,40126.25436463931,214185466300.67194,40.783860045146724
888f2b4353fffff,1074,55445.52616208323,333059105246.6622,23.95810055865922
888f2b4359fffff,147,18200.907048838744,125644494621.60995,134.8639455782313
888f2b435bfffff,566,29359.618410504492,218329192659.63287,64.91342756183745
888f2b8369fffff,5145,171296.63822173284,590850379830.4486,6.940136054421768
888f2b8a15fffff,3662,29405.521966331726,415354640416.065,122.31512834516657
888f2b8a41fffff,11281,36423.795359453376,326754517164.9896,87.8357849939865
888f2b8a43fffff,15713,51488.73062280218,440641738692.69775,65.76334719197519
888f2b8a45fffff,34766,92734.9296585118,729256902195.3511,44.75708733769168
888f2b8a47fffff,4717,27456.975376817816,110413465635.3122,59.334377096846346
888f2b8a4dfffff,54061,238709.47020821797,2343471859789.473,17.24586095924935
888f2b8a69fffff,12045,50121.8967033918,375137399914.857,64.3721126285618
888f2b8a6bfffff,12255,33621.54781617957,291332120325.2536,90.55759897828864
888f2b916dfffff,138,60338.04638472033,200055676314.93033,11.623188405797102
888f2b91a7fffff,7042,36666.98755956071,477471697831.84937,105.70505538199374
888f2b92abfffff,942,25888.33928847733,134601107201.76865,90.19320594479831
888f2b9801fffff,56517,130713.69887852832,1036895136268.2671,32.799655287228
888f2b9803fffff,62178,154743.92531041,1274653124479.9224,23.994691177733873
888f2b9805fffff,31615,73233.94827037636,724836764156.7981,44.63774204135215
888f2b9807fffff,62835,169499.88727863075,1243319010230.256,26.69865835887644
888f2b9809fffff,58122,109773.89690863846,888395765737.9445,33.04960370131594
888f2b980bfffff,53440,213242.33201733942,1771555090832.5674,20.688295597609958
888f2b980dfffff,26885,228759.8552369009,3304270758146.5073,15.306254767353165
888f2b9811fffff,41705,218973.73795111122,2113723814257.293,17.47121451104101
888f2b9813fffff,14594,81213.8148044973,1277369860147.6416,34.45505002055639
888f2b9815fffff,17170,91481.83776001583,1289244900686.0342,46.93651718112988
888f2b9817fffff,11251,65631.74245518836,658333679424.0974,34.85148967282033
888f2b9819fffff,275,247038.85529715763,2323349358056.648,10.865454545454545
888f2b981dfffff,11575,80993.77165626282,720363444515.8563,62.04445454545454
888f2b9821fffff,46260,113633.47750173484,775884707363.4164,38.827452036021924
888f2b9823fffff,13447,382950.7639765654,4632644770100.797,12.884509556034804
888f2b9829fffff,39181,122930.37056075738,1039280344775.6124,38.84942600823494
888f2b982bfffff,50830,141511.23179955984,1130806649801.3535,37.418476566559285
888f2b982dfffff,32801,253600.98426346286,2440136032793.2803,15.047309136420525
888f2b9831fffff,25443,332964.5784730111,3984221167109.0483,15.706206029163228
888f2b9833fffff,56382,142161.89780140595,1128020627163.0583,24.486236830390265
888f2b9835fffff,8299,29351.34840988605,242159523505.7615,107.42720852434643
888f2b9837fffff,12836,66313.90688633942,949306473221.7969,57.29534122779682
888f2b9839fffff,32266,82958.67638895632,668524189687.7028,44.69923025435074
888f2b983bfffff,58614,225461.94405662504,1640538118395.2402,21.08331984533765
888f2b983dfffff,44711,178905.54683474218,1436408813402.0168,28.718667608286253
888f2b9841fffff,32408,106995.62206987957,834042050149.4897,46.87351895734597
888f2b9843fffff,41686,102890.1424412102,890968485934.3126,32.20874562718641
888f2b9845fffff,39934,112838.9244653398,972060981734.4508,38.55666333456095
888f2b9847fffff,13220,39837.04424970626,336802547146.3517,81.23671345213688
888f2b9849fffff,6590,51180.0666179003,236900101967.94202,50.78816388467375
888f2b984bfffff,35237,70066.67437603217,509768164785.11914,57.18118004173781
888f2b984dfffff,36685,96839.14461573245,839649922882.3511,41.93440792487403
888f2b9851fffff,43599,366136.38430268754,4195435973036.5493,14.400811945228101
888f2b9855fffff,67458,270648.9620392753,2024521796331.2012,18.09006487923083
888f2b9857fffff,51271,213276.27888733405,1876252413917.1008,22.204158557820342
888f2b985bfffff,2682,32859.04502170893,151916489845.501,56.56375838926174
888f2b985dfffff,66533,193794.62228926603,2069842649312.336,19.087220905575652
888f2b9861fffff,32377,335921.0353060124,3771302152158.834,17.435617876887914
888f2b9863fffff,26291,119804.70267987401,949194499325.1085,41.772016164526065
888f2b9865fffff,7813,19337.598223420755,165960197688.9393,136.87698777763174
888f2b9867fffff,5001,30115.628597931973,289159889472.4614,113.96129032258065
888f2b9869fffff,28752,101035.71270758694,913967104143.7533,41.031473844150206
888f2b986bfffff,11641,49785.298657406194,497868727275.44586,57.56549969290164
888f2b986dfffff,2023,168991.9629871791,2735232726525.6865,18.406327236777063
888f2b98a5fffff,13611,71484.78071203396,649120003103.0172,47.21748482753323
888f2b98a7fffff,8869,78150.77688688647,1162272428291.5952,32.812943962115234
888f2b98adfffff,30312,117361.19665848304,993884355918.4248,34.28257948947604
888f2b98e1fffff,71216,95301.26766090067,805818233625.2803,27.38057824337121
888f2b98e5fffff,51428,117932.40129904117,1451410738104.2346,18.742921524444007
888f2b98e7fffff,37313,136548.127857643,1287531337464.7546,28.871975350520128
888f2b98e9fffff,33583,316329.07188088936,4165403751413.598,14.060238811303337
888f2b98edfffff,73042,67113.89478283824,441515905820.7034,41.571424221664
888f2b9911fffff,11425,144138.75066925897,1806302611334.4695,36.13304157549234
888f2b9917fffff,16418,341705.9547267667,3588523424302.076,15.825740041417957
888f2b9919fffff,31208,121399.46878385858,889080032899.9312,37.63980376012076
888f2b991dfffff,17326,457669.96086868335,3677884643035.8486,9.525395359575205
888f2b9923fffff,1574,285053.5100813583,3898111926851.91,9.98030495552732
888f2b9927fffff,25786,141265.96671724168,1134181621882.8213,37.964557800596225
888f2b9931fffff,26399,90748.01678898153,657462336808.2626,54.76423616712373
888f2b9933fffff,9850,479406.0273996314,4871969389487.115,11.010253807106599
888f2b9935fffff,3356,33390.91430364025,370835656035.47076,163.44129916567343
888f2b9937fffff,2371,56236.392750936655,815050278590.8021,76.3137916490932
888f2b993dfffff,5600,40016.01375868058,382666037785.4312,110.77233963663329
888f2b9951fffff,5364,29630.05682843463,239467018351.9104,145.74592391304347
888f2b9953fffff,12233,51595.67291172426,439191911455.43774,79.95399012217312
888f2b9955fffff,29469,255028.28490601407,1836469227545.5208,20.709573964065747
888f2b9957fffff,11768,29389.027801843902,212734004905.58365,127.88898056472314
888f2b9959fffff,20662,275964.6846139972,2519559904933.7993,14.756602286164762
888f2b995bfffff,8150,131761.13080206586,584894088956.8999,16.476319018404908
888f2b995dfffff,10103,153939.98808784896,1736258481307.022,28.742749678313373
888f2b9981fffff,12598,43108.21484964178,377712398512.30396,54.30858031766825
888f2b9989fffff,11103,45050.8298248208,408074145148.99115,70.9758386767029
888f2b998bfffff,8406,44348.48531654907,539589500340.6065,65.18724720437783
888f2b998dfffff,15467,82574.80679549804,705841156751.2283,40.02196918955124
888f2b9991fffff,27848,63178.40703990869,800412348239.779,34.56675511613536
888f2b9993fffff,20473,105283.74135499507,946376167090.7617,31.81641791044776
888f2b9999fffff,28833,100960.42773827913,960766137877.9465,38.68927727240169
888f2b999bfffff,39233,136132.04888615853,1063794729579.4274,32.85153351306622
888f2b999dfffff,7152,29557.323615012916,345415907546.3276,106.06627516778524
888f2b99b3fffff,2776,31079.950013056394,397069015645.4049,133.4456051873199
888f2b99bdfffff,3133,25310.272128599998,294266247954.43317,101.31567187998724
888f2b99c1fffff,10808,50748.79549639359,415614525509.47095,78.9245029295937
888f2b99c3fffff,31166,120547.015603831,1006246396700.169,30.48321290539405
888f2b99c5fffff,13585,50891.56471638134,451308884087.73694,66.46337898138175
888f2b99c7fffff,38651,107417.6069632457,1077553711730.0127,31.902782632074203
888f2b99c9fffff,2091,68696.29659235444,956920801480.2568,55.146341463414636
888f2b99cbfffff,29689,52313.3221965466,409815582388.4643,55.59653216542217
888f2b99d1fffff,33522,67693.51214856537,579363245159.6027,42.0831803506995
888f2b99d3fffff,38288,142065.09684835904,1051872751793.8177,32.61165101700019
888f2b99d5fffff,14365,44964.446054823886,389745656356.0021,77.13728344737225
888f2b99d7fffff,21642,65806.47380297023,622315205272.7208,51.19514289803903
888f2b99d9fffff,35825,164211.49527994072,1318212384603.1511,25.20299358936658
888f2b99dbfffff,35394,121682.6088534538,948605296252.0884,33.308579881656804
888f2b99ddfffff,46770,107971.92850870053,1430190085824.4985,21.67312453846488
888f2b99e1fffff,2796,15297.933265755551,163339003640.00497,168.53550512445096
888f2b99e9fffff,28861,97665.75491128588,922772138300.7596,35.26332409389144
888f2b99ebfffff,17548,50918.37677187812,397024976436.89935,73.21364175563464
888f2b99edfffff,444,124253.73755656109,1911128550411.4973,18.443693693693692
888f2b9a07fffff,325,34416.379616827966,308035839366.6329,16.57846153846154
888f2b9a0dfffff,365,97087.23276283618,327238972425.69965,12.208219178082192
888f2b9a21fffff,10705,65232.74142815138,709270235182.4133,40.28381837140961
888f2b9a23fffff,19467,82143.23675321757,1123080699129.7202,49.92618277084296
888f2b9a25fffff,43142,159182.5982780112,2365641600132.7305,19.580229939551973
888f2b9a27fffff,17748,64862.8889932383,566305474805.1539,64.67798518518518
888f2b9a2dfffff,9959,304530.6841247035,3433751495027.3906,9.921277236670349
888f2b9a33fffff,1979,48559.799301260566,183983638763.5609,43.81152097018696
888f2b9a35fffff,48476,157357.82598551476,1134978706652.4883,32.730034664723675
888f2b9a37fffff,167,305491.97101449274,3634540326063.1963,3.5089820359281436
888f2b9a3bfffff,6607,115524.69180881193,375660864616.1006,24.408354775238383
888f2b9a41fffff,351,34809.47305728871,178790497096.03574,31.13960113960114
888f2b9a47fffff,6721,84885.05038567087,263444265054.14407,34.23597678916828
888f2b9a4dfffff,9162,90483.49737966062,331756038944.0264,34.09834097358655
888f2b9abdfffff,9323,42539.39268645771,353041407768.0682,70.95676943699732
888f2b9ae5fffff,15739,52237.22529284151,145093166818.6294,42.62573540503847
888f2b9b01fffff,21899,373202.4945340537,4174386107156.785,13.722453080049318
888f2b9b05fffff,5385,118557.98123713059,1428303217779.3137,29.96991643454039
888f2b9b07fffff,9303,138270.90477860483,1949852941980.0903,28.280124690959905
888f2b9b11fffff,8816,34188.659834512095,293100221313.04535,82.76516403115411
888f2b9b13fffff,9019,33615.050256751725,294276699417.9432,99.42786241920591
888f2b9b17fffff,8528,33154.741484402315,282362172214.17316,105.26151215341395
888f2b9b19fffff,7352,23826.545229967065,303514087375.76465,93.57603373231774
888f2b9b1bfffff,77240,128677.02942923048,953620319163.9984,29.542707886074137
888f2b9b33fffff,31450,394734.4875258476,4821253254776.601,12.600890302066773
888f2b9b3dfffff,5394,25248.300776790427,188831828877.50745,118.74131944444444
888f2b9b49fffff,1085,24917.68054188113,137074361845.63301,75.0700460829493
888f2b9b4bfffff,9758,40069.532237949126,504637307018.0381,94.18200450912072
888f2b9b51fffff,27779,265578.0701332365,2393218372330.9326,15.657915086349744
888f2b9b53fffff,16682,599650.0156864459,11687688333148.791,3.743795707948687
888f2b9b59fffff,10633,71723.83504151089,892199880934.9893,46.50474936518386
888f2b9b5bfffff,8671,30431.31084511221,428542046099.79144,63.97243685849383
888f2b9b5dfffff,11807,53351.28617467838,486680761175.47437,59.28528164748637
888f2bd42dfffff,2613,9578.998147019138,78131946745.39334,342.01436552274544
888f2bd44dfffff,14241,424145.44354565296,5313202089420.963,12.952882522294782
888f2bd469fffff,5450,303012.75738219894,1315013974266.49,6.30348623853211
888f2bd507fffff,3493,576514.7598289419,2179610010129.581,3.120240480961924
888f2bd611fffff,18022,193648.59360878277,2111193342009.3035,32.01864387970259
888f2bd617fffff,1756,24251.589609860894,263245909084.53482,208.0381548974943
888f2bd61bfffff,31417,102468.09599223202,759751781655.619,42.31672343324251
888f2bd627fffff,36,163119.97826086957,329577812111.0468,8.666666666666666
888f2bd631fffff,585,46374.408625834876,946329631675.835,49.141880341880345
888f2bd6c9fffff,1926,10320.20917515925,103231051066.77087,327.6547743966422
888f2bd6cdfffff,480,75406.85673913044,574508158513.5848,30.18125
888f2cb40bfffff,3387,140095.13308133936,848848933585.2511,9.31502804842043
888f2cb461fffff,2903,179926.2452332372,1139662904504.1772,10.812263176024802
888f2cb465fffff,7183,80695.02204389092,1028986781600.8743,54.74564945009049
888f2cb467fffff,782,147135.67357378185,962737416754.4938,15.765984654731458
888f2cb541fffff,11979,31097.33139381903,339541007557.2621,77.40253592561285
888f2cb543fffff,23354,125405.236136669,1223072944378.9834,23.37438208145588
888f2cb547fffff,8015,97018.92553488823,1399027354860.7893,22.874734872114786
888f2cb549fffff,9051,57441.40925453135,560301571311.6946,43.11049169361133
888f2cb54bfffff,18373,130365.30241334676,1234224567730.5925,24.843244164252855
888f2cb551fffff,7170,112118.56958555414,1322832660012.752,40.341701534170156
888f2cb555fffff,9533,63371.56302681051,547467643926.97833,47.43718753324114
888f2cb559fffff,11081,62743.43287342627,528714425634.83887,60.30847584337912
888f2cb55dfffff,27220,84733.66475064254,861453533382.7734,38.629735280693744
888f2cb723fffff,2474,64628.80919391524,772102707579.8972,39.741309620048504
888f2cb735fffff,19339,198345.8948740075,2907965006321.6646,18.88106934174466
888f2cb73dfffff,12205,201977.31323970176,2855359406956.734,17.551577222449815
888f2d1449fffff,995,81784.42807484894,487950407067.2361,31.941708542713567
888f2d3a63fffff,7033,106553.35806871355,1272490285316.561,46.49367268590928
888f2e058dfffff,2797,164148.32992678462,889586110006.9858,12.997139792634966
888f2e05a9fffff,3932,83268.19709486027,1108325587994.0862,47.76627670396745
888f2e05adfffff,4381,56743.339742988464,828380707426.068,49.67130792056608
888f2e05c1fffff,637,65911.34060228453,296014731195.4768,28.213500784929355
888f2e05d9fffff,470,47679.99031196403,373288008243.7686,46.90212765957447
888f2e05e1fffff,777,179874.72122986824,1027098694439.3527,9.812097812097813
888f2e05e3fffff,2846,43246.124689393306,570735589713.7777,101.68060435699228
888f2e05e5fffff,3915,120125.18538905674,726958772136.1552,18.103448275862068
888f2e05e7fffff,4145,30316.202297066815,253529673612.1384,123.56769776876268
888f2e05ebfffff,485,46579.8599079207,575277041678.5885,44.88865979381443
888f2e0e83fffff,1248,83373.63561961324,514884837305.1102,23.141826923076923
888f2e0e89fffff,6676,76706.41317314288,939177992425.5327,62.582834032354704
888f2e0e8bfffff,4805,45500.9028604849,684146306178.7609,79.2901144640999
888f2e0e9dfffff,5756,98800.9823389799,1356605776425.3152,38.3408617095205
888f2e0ec3fffff,7097,42272.26016695715,591716589655.2998,98.57827250951107
888f2e0ed1fffff,17406,70617.27105674296,613901439270.8171,60.16895695865367
888f2e0ed3fffff,14756,149950.85741197373,2044479176526.202,31.974722146923284
888f2e0ed5fffff,5428,61393.731758660884,794016056278.9515,66.11274871039056
888f2e0ed7fffff,6355,80526.15806473471,1156090824353.6946,42.80015735641227
888f2e0ed9fffff,4506,55988.00182048505,687868451186.721,83.16444740346205
888f2e0edbfffff,4970,73058.50326780634,983494467931.9917,55.95372233400403
888f2e0eddfffff,22312,183597.96150830504,3061327987628.203,24.555485837217642
888f2e3081fffff,3700,42182.32774951911,566383938909.4359,97.38567567567567
888f2e3089fffff,12953,194493.83678965463,2658482920347.0786,25.88465992434185
888f2e308bfffff,14801,87661.88075394515,826390696465.7649,46.088322717622084
888f2e308dfffff,9863,41993.21863733747,374889365630.4106,108.66115790596012
888f2e30c1fffff,4476,34451.39719070499,321034090267.9512,130.83150525087515
888f2e30c3fffff,10664,104324.71123433436,1369160780850.086,51.519786196549134
888f2e30c5fffff,3717,48333.573016335205,678396400375.6718,93.39763249932741
888f2e30c7fffff,2755,56047.34600829141,313140685412.0135,41.18911070780399
888f2e30d5fffff,14322,118093.78577272111,1048260541864.7173,37.46786632390746
888f2e364dfffff,57,1216123.9444444445,12675859392632.63,1.631578947368421
888f2e384dfffff,2048,183580.01080695074,920491121230.1742,11.2880859375
888f2e3b4dfffff,799,20844.19552264377,128508280937.02661,67.6558197747184
888f2ea91dfffff,883,165888.40808922332,1310518661953.0803,9.431483578708947
888f2eba57fffff,461,23657.394775462282,130061620941.64087,74.90672451193059
888f72c461fffff,390,90822.08207229928,575378621924.0662,25.4
888f72d647fffff,10682,84408.22953818944,830843991123.8212,61.141379310344824
888f72d66dfffff,92,294376.6923076923,3563963322755.141,3.260869565217391
888f766d93fffff,9140,69475.50674349396,667449406380.0576,61.15369649805447
888f769811fffff,5277,113827.91352694637,1752046573600.733,35.59579306424104
888f769813fffff,326,120920.56839872747,869584609954.9338,15.463190184049079
888f769815fffff,69,34392.85206508135,391118434798.7483,58.89855072463768
888f76981bfffff,264,56225.46688642493,170915955976.00507,13.662878787878787
888f769831fffff,330,45933.91823687752,294858951189.9817,28.06969696969697
888f769833fffff,5056,121125.12824698613,1689528493392.9956,40.98496835443038
888f769835fffff,3175,389581.752663983,3098997227002.8374,6.320629921259843
888f769837fffff,2216,64509.53036196403,1015728293400.1526,40.449909747292416
888f76983dfffff,876,31289.79190526364,193496879088.9588,50.84018264840183
888f7698a9fffff,297,15090.531833150384,73996174850.2079,86.89562289562289
888f769927fffff,917,23217.088078879566,340738665564.4613,133.0577971646674
888f769933fffff,4153,72994.33102178984,743704550899.2383,40.58998748435545
888f769937fffff,4200,32687.502806625,453401000280.26807,122.95285714285714
888f769955fffff,164,76558.13891050583,393997160865.9144,16.670731707317074
888f769981fffff,10517,53847.82755753973,404300779131.6637,100.0209544816523
888f769985fffff,13513,76628.4433068954,598258738167.1829,61.972696245733786
888f769987fffff,3260,227399.71823811793,1056755190349.5116,9.374233128834355
888f769989fffff,16727,93760.97859154979,750131409585.6392,49.41460815047022
888f76998dfffff,20285,101825.92654923353,917020781072.9424,43.397271515027185
888f7699a1fffff,16474,77899.57391449972,640430653016.46,61.41550456389452
888f7699a3fffff,11434,196802.88746456394,2240719481892.9507,25.306017141857616
888f7699a5fffff,23631,115736.8699945569,1429754850568.659,25.217761084488192
888f7699a7fffff,6539,213885.91455230268,2335999025405.522,10.83376663098333
888f7699a9fffff,21466,100497.63768310231,984388883459.096,40.7962183834084
888f7699abfffff,18597,150429.15895146318,1966258966949.0156,33.47179652632145
888f7699adfffff,29171,100010.05456556882,981014472229.1205,39.83172477652338
888f7699c3fffff,7616,79688.00677242373,1112249185879.9128,48.173713235294116
888f7699c5fffff,18571,119208.58855977599,1123711230414.1338,32.34613209681068
888f7699c7fffff,12769,95645.72878473901,1319117639370.833,45.86146135171118
888f7699cbfffff,3485,94844.53650892003,374164097944.0513,20.935916997253585
888f7699d9fffff,824,81133.79065188102,554160878759.8936,24.441747572815533
888f7699ddfffff,4822,19269.885937447663,179033425729.20908,140.89449348465743
888f7699e1fffff,18700,98329.41111384332,893297076701.8147,37.56882432129235
888f7699e3fffff,17640,105819.14406103682,1027664521822.7771,36.89123123123123
888f7699e5fffff,24792,118322.8548849653,1070287179264.8606,31.19800374298191
888f7699e7fffff,40357,76057.31360637299,629643476617.411,44.855632683340396
888f7699e9fffff,8854,52788.618166167726,487647810119.51086,67.13391506689936
888f7699ebfffff,22213,177402.2129031344,2468334706051.67,26.42574168279836
888f7699edfffff,10449,38793.25318975273,532005415461.10364,56.0618020793223
888f769aa1fffff,7406,221671.62949209168,2623167798706.327,22.74493653794221
888f769aa7fffff,1579,132144.20031357917,1641599438803.4026,32.9119696010133
888f76d613fffff,1836,64633.3354298518,800791014697.7413,42.56699346405229
888f76d617fffff,4994,97900.78372708155,1384095008670.4473,40.91549859831798
888f76d639fffff,2102,141302.77532299122,1003004620978.4888,10.907706945765938
888f76d681fffff,5580,35158.948310008986,334659648414.7362,79.3416992005949
888f76d683fffff,14909,70640.1605104459,938833302403.5612,33.23809523809524
888f76d685fffff,815,73548.5343924431,681888555808.5349,15.38282208588957
888f76d687fffff,5761,89895.95510343993,1333664897042.208,44.060406179482726
888f76d689fffff,3334,55069.21230268997,415911914442.28186,37.29784043191362
888f76d68bfffff,22994,115850.11877354674,1160667718984.4275,33.93004394907344
888f76d68dfffff,2115,159488.7698223697,832350877836.6423,13.12340425531915
888f76d691fffff,778,33015.93966812461,192511632907.60187,39.4974293059126
888f76d695fffff,2540,168691.0643993072,793713137932.5038,13.501968503937007
888f76d699fffff,13680,91995.62194320084,800392595591.1282,49.11236813942822
888f76d69bfffff,876,413280.72604327666,2254298473111.658,3.954337899543379
888f76d69dfffff,13294,51357.59782380595,429201241788.56384,79.96985604072218
888f76d6a1fffff,1181,81741.87627718363,438833888480.3784,22.29805249788315
888f76d6a3fffff,410,62688.290562036054,368686831766.00214,8.06829268292683
888f76d6a7fffff,84,95944.69392033543,256296105240.50677,12.369047619047619
888f76d6a9fffff,430,15936.578472369258,89995700552.73424,89.20232558139534
888f76d6abfffff,2442,135969.4729995754,882779734251.4263,11.608927108927109
888f76d6b1fffff,10478,217062.55840658752,2758772001671.6313,20.58837564420691
888f76d6b9fffff,20074,100160.68293574263,910330188613.5652,39.675445513325975
888f76d6bdfffff,1981,36503.35724197967,445211212070.70605,99.58051489146895
888f76d6c1fffff,6324,84740.04132223861,1100765888714.737,52.9753320683112
888f76d6c3fffff,10578,53619.97370732312,797627098155.1825,75.7006050293061
888f76d6c5fffff,6924,159394.4503773585,2111868315299.1536,24.7420566146736
888f76d6c9fffff,3359,48572.63300113359,616919485702.2714,81.62697231318845
888f76d6cbfffff,3299,55594.02462345788,799295310711.1769,61.07547741739921
888f76d6cdfffff,2094,39937.55591128918,343990668831.73096,103.7352798053528
888f76d6d1fffff,21850,114660.8281984037,963024147628.0378,39.462857142857146
888f76d6d3fffff,13764,86492.46757709316,825209618962.762,41.82100898410504
888f76d6d5fffff,24363,117522.42489353562,1345123015556.5972,26.819938111566447
888f76d6d7fffff,12531,105961.29416122728,1316459118782.126,32.75389035192722
888f76d6d9fffff,14709,75627.01556885839,687741704376.561,48.45731750657474
888f76d6dbfffff,29497,109839.65128838224,1177096668543.2168,31.692212956120905
888f76d6ddfffff,22753,75973.75086412473,658941568758.067,57.27808871825709
888f76d6ebfffff,2651,182196.7986060694,1330206510231.334,8.794039984911354
888f76d6edfffff,954,65219.21623834433,260946034066.91476,24.143605870020963
