hex_id,mobility_density,avg_time_in_hex,time_in_hex_variance,avg_visits_per_device,avg_temperature,rainfall_mm,sunshine_hours
8866d14d05fffff,12457,183315.3638759634,2654127349701.9927,25.641486714297184,22.49080237694725,224.28281405287527,1986.8787448504052
8866d14d29fffff,5843,56367.19799381348,305731944539.5283,26.869402985074625,34.01428612819832,150.81611702774376,2049.6923023070967
8866d14d2bfffff,4053,163864.5191465469,1232807415694.2532,18.577843572662225,29.6398788362281,69.6638085440452,2094.259037413883
8866d14d63fffff,4760,82521.77706865284,493340128834.35175,31.356512605042017,26.97316968394073,269.87237198237057,2543.200810034793
8866d14d67fffff,1835,65588.10020277767,375220309020.2754,29.505722070844687,18.12037280884873,115.16736641196344,2082.8371519055186
8866d14d6bfffff,8237,48373.41026232932,433405013156.2079,67.26564866229177,18.119890406724053,163.06585833419658,2173.040433933796
8866d1c443fffff,4396,101739.65954812957,1738657721901.387,35.36328480436761,16.161672243363988,271.94163328936406,1856.3161963114912
8866d30491fffff,968,22091.01794946576,126158400933.5573,78.93078512396694,32.3235229154987,187.2713987741976,2059.87768744401
8866d30493fffff,5433,19666.202718035413,160983928147.50104,176.3879916397492,27.022300234864176,35.06941221250922,1840.9044408947277
8866d30495fffff,864,57767.44205718824,297257535972.0358,30.252314814814813,29.16145155592091,281.94963708404254,1609.7938856526655
8866d30497fffff,4430,16188.093663539685,117768072728.58723,248.37168549688724,15.411689885916047,188.31241592142536,2405.172890072067
8866d30499fffff,1262,106683.79490544192,1006991912069.5308,21.533280507131536,34.39819704323989,100.47168439712584,2502.3191978325244
8866d304bbfffff,1975,50520.34895330852,503456150591.80457,34.27443037974683,31.64885281600844,41.78162179901618,2429.2355190144217
8866d304dbfffff,2634,207400.01893278604,1014317348850.8992,8.420273348519363,19.246782213565524,238.2075567810888,2195.2410657008586
8866d30681fffff,3793,140461.35046160925,848395459120.9171,9.169522805167414,18.636499344142013,186.02182677855404,2069.6786702688446
8866d30683fffff,5466,98318.78199732416,397053246793.9932,10.578756674294432,18.668090197068675,160.03832759289645,2795.000474357738
8866d3068bfffff,868,18754.58271542612,117855631833.51492,110.55990783410138,21.084844859190756,268.1677749152873,2278.622677704327
8866d306bbfffff,2582,157049.5910307439,895118073474.8182,12.288148721920992,25.49512863264476,236.57916336735923,2218.772816444596
8866d320adfffff,53,360013.2262443439,5034539286517.422,5.169811320754717,23.638900372842315,45.50246391982535,1538.4630987096534
8866d32101fffff,2906,61699.46897840951,292625489343.14526,21.972470750172057,20.82458280396084,93.51662033866448,2011.8717414392345
8866d32103fffff,665,10401.058376466528,58237767222.22993,175.36541353383458,27.237057894447588,74.54674194433973,2070.2934281787857
8866d32105fffff,224,5145.780002994685,24025427237.309467,239.52232142857144,17.789877213040835,223.1838877718031,2098.2341713453507
8866d32107fffff,1341,31119.36990112209,83531007253.49696,35.5054012345679,20.84289297070436,10.059730420733814,2370.2585538409985
8866d32109fffff,56,52485.990747879725,316728889703.15894,24.160714285714285,22.32723686587384,170.96690546139496,2300.403820090318
8866d3210bfffff,410,6183.34702317921,23452590346.482426,148.83673469387756,24.12139968434072,228.73760572220715,2411.857639190167
8866d32111fffff,1391,165639.27677988244,560285871118.996,9.834651329978431,30.703519227860276,263.02969102852484,2647.3248923131923
8866d32113fffff,905,83045.6296423659,466339177426.3911,13.857458563535912,18.993475643167194,102.62452461477224,2719.4786080741405
8866d32115fffff,161,3364.143274608501,15179686409.794231,445.2546583850932,25.284688768272236,246.37719140160385,2577.184614339741
8866d32117fffff,628,79667.10404624278,296595573283.52325,17.53503184713376,26.848291377240848,33.189521086562166,2933.285543932402
8866d32123fffff,737,31080.72443686749,276014935325.51074,38.40705563093623,15.929008254399957,253.93568752035543,1527.3488740145424
8866d32125fffff,2363,74678.49779140868,321098794203.4595,23.03681760473974,27.150897038028766,38.24659869959473,1793.666978525319
8866d32127fffff,10551,116648.50278971942,1597728102039.0557,38.92569424699081,18.41048247374583,119.18618716811018,1511.3443124672133
8866d3212bfffff,596,25789.57940456448,111448743773.83151,64.85234899328859,16.30103185970559,239.1886097338661,2471.2120712319047
8866d32131fffff,1888,37750.435030918095,199067297866.73,52.56620762711864,33.977710745066666,44.97522820463213,2847.0458234249804
8866d32133fffff,7289,138262.83562918528,621875337734.661,17.642063383180133,34.31264066149119,68.77541856979245,1865.223444864449
8866d32135fffff,5259,51046.4474736186,280518062908.0636,54.08556759840274,31.16794696232922,216.6757705179199,2890.55181719446
8866d32137fffff,800,37662.97292569579,214906930731.1042,48.8775,21.092275383467413,216.0109609638223,1590.4010854343412
8866d32139fffff,2380,56659.729668997,466328242639.1466,24.56512605042017,16.95344228012768,192.3442898655892,2901.6540402082715
8866d3213bfffff,2467,50996.07290794562,230600864557.972,41.72557762464532,28.684660530243136,208.18453334013,2027.4340308594517
8866d3213dfffff,3309,156481.85414071922,772831218312.7163,16.287700211544273,23.803049874792027,162.81733300427885,1652.1312426738248
8866d32145fffff,389,30769.66745227433,82857729850.99365,44.74035989717223,17.440764696895577,75.53971767208583,2228.807638779489
8866d32161fffff,27793,182712.24798754693,1819668983924.8784,24.233079369775872,24.903538202225405,103.70879805117583,1885.164851580762
8866d32163fffff,540,49140.20040838389,232627871536.5117,31.840740740740745,15.687770422304368,54.4793150404277,1927.3093529428843
8866d32165fffff,4614,23826.793493316327,186500256757.71136,136.67059870910305,33.186408041575646,272.5351684000885,1960.93494738943
8866d32167fffff,8976,159062.62813130446,693275886860.303,15.0274064171123,20.17559963200034,175.01753842983615,2704.538846748995
8866d32169fffff,24440,519439.1789844901,6117447884410.263,12.035433715220949,28.25044568707964,120.25542502909197,2308.7419150128817
8866d3216bfffff,89,31874.60787207872,263935958822.89975,46.78651685393258,21.23422152178822,138.6017410932398,1966.9615487340052
8866d3216dfffff,7068,55945.74654829908,483300734722.739,50.52896143290481,25.401360423556216,284.1850018835446,2415.5006749663776
8866d32185fffff,698,10298.182455188266,43711021545.20303,180.6819484240688,25.934205586865595,46.00542093482406,2574.22601133479
8866d32187fffff,171,9935.996613312906,55382252171.21937,146.08771929824562,18.69708911051054,175.86894960503918,1908.9360011003007
8866d321a1fffff,5783,46287.94267679838,243704933246.412,62.161162026629775,34.39169255529117,151.7666036653398,2120.323652288027
8866d321a3fffff,1533,53649.94017204116,285320456982.03925,46.58512720156556,30.50265646722229,183.43627063039435,1682.829140005421
8866d321a5fffff,2995,126426.87997817397,449136002714.3854,14.92657077971234,33.78997883128378,5.433055146252153,1771.7240243020206
8866d321a7fffff,851,63160.99377019689,283547878845.97003,36.2737955346651,32.89654700855297,261.63717268324547,2521.676780947474
8866d321abfffff,1215,138457.33931240658,725625283694.4497,9.26008230452675,26.957999576221702,279.6354847450837,1772.1575215434405
8866d321b1fffff,2314,36400.11550122565,159705845702.5449,54.62532411408816,33.437484700462335,169.53995507676268,2287.7450755005902
8866d321b5fffff,841,25529.44709039855,169162885532.39255,77.64565992865636,16.76985004103839,208.9952471630677,2563.569392583649
8866d321b7fffff,883,20280.631025797826,104768339053.44511,110.26500566251416,18.919657248382904,276.7498143531887,1660.3153846421158
8866d321bdfffff,2398,201296.23404817472,911590342423.898,10.689741451209342,15.90454577821076,212.1715902940196,2350.9683294433557
8866d321c1fffff,269,42841.95082708126,178086842017.11267,42.182156133829,21.506606615265287,45.7617128742784,1884.8441755520455
8866d321c5fffff,200,10073.343415063868,46381726692.22839,103.195,22.77354579378964,172.88650805004394,2944.3903128563697
8866d321e1fffff,2892,133078.60074814106,528721475979.838,16.21576763485477,20.42698063547792,182.0145139148568,2225.318470079887
8866d321e3fffff,3848,158023.86817433307,696594902431.602,13.050155925155924,31.57475018303859,127.2392013907158,2708.988824662737
8866d321e5fffff,6059,112103.6360996409,576613975471.3551,24.304340650272323,22.135066533871782,220.93327068741684,2325.3398132343928
8866d321e7fffff,2951,105963.048833832,543101573972.7313,20.37106065740427,20.61869019374761,280.3101044307044,1565.1187992822288
8866d321e9fffff,1834,59210.67208854668,240011700663.11505,35.03053435114504,25.853921663164968,277.6705538720329,2449.7270633910334
8866d321edfffff,4009,108197.84491081804,465732211886.3458,21.91968071838364,17.818484499495252,135.25181142123964,2927.105013309985
8866d32201fffff,880,108449.42197736748,645788347471.3862,16.3,31.043939615080795,33.971413752226574,2402.4177302194967
8866d32203fffff,439,40158.93675243596,233569828378.3079,40.04328018223234,16.491012873595416,295.4523596887004,2728.7832891401854
8866d32205fffff,2291,71339.08339386062,319585340647.5693,23.968572675687472,34.73773873201034,251.66942593378025,2826.309695022612
8866d32207fffff,6012,144940.97123817075,649327688515.0161,14.485362608117098,30.444895385933147,37.39880436098005,1842.1196579233988
8866d32209fffff,137,116199.75,868278847496.9662,7.854014598540146,18.974313630683447,276.2525647852117,1818.06725986234
8866d3220bfffff,2651,104852.57940186368,418446033844.64825,9.574500188608072,15.110442342472048,260.96890861863847,2416.471483276488
8866d3220dfffff,852,49858.235648334005,223065754141.05627,24.66197183098592,31.30922856909668,155.65141713782162,2116.542704710057
8866d3221dfffff,649,31488.87868453106,222337576968.40927,32.6271186440678,29.137146876952343,177.38263072347877,2759.7919543000808
8866d32221fffff,4400,127999.72821895745,586618760319.99,19.640227272727277,29.580143360819747,119.70081116103908,2850.034685097017
8866d32223fffff,714,42681.15499657355,184509963558.445,35.752100840336134,30.425406933718914,16.4284916466094,2030.132068954077
8866d32225fffff,1650,46739.01314290721,210134988515.8555,49.44787878787879,16.480893034681806,100.55917249377028,1855.3058384617232
8866d32229fffff,1851,52884.442264343255,331783392825.5353,28.593733117233928,22.16931457088545,240.85603457940343,2670.788272865793
8866d3222bfffff,2463,251027.41608698195,1069403876122.4674,8.038164839626472,17.317381190502594,1.3896069013808576,1912.209053322204
8866d3222dfffff,2856,37644.939836101934,158864564328.39844,59.4562324929972,32.26206851751187,100.04975150734326,2733.9214777705174
8866d3223dfffff,494,55157.206341971614,261708177047.98117,32.14777327935223,27.46596253655116,119.450608077283,2135.607380473144
8866d32249fffff,980,79707.42744639772,306877789125.1591,21.086734693877556,21.617960497052984,161.21868088137686,2501.324848937206
8866d3224bfffff,2007,96221.89816213494,409130037159.8326,20.796711509715998,16.27116700572047,275.95668492382816,1643.3029707520022
8866d32255fffff,459,27342.7169159386,177569796136.07132,45.407407407407405,21.219646434313244,103.90379830978836,2435.78898701486
8866d32261fffff,1822,53790.56511039357,342681692174.37854,32.44731064763996,21.503666440534943,104.0859605688683,2177.651518105844
8866d32263fffff,697,16670.13149896534,84661398284.41803,89.91104734576757,29.59212356676128,221.2503744329245,2379.912694763211
8866d32267fffff,1310,25746.19768448388,147407417484.5661,92.75496183206108,27.751149427104263,135.66538226694215,1752.0213116172952
8866d3226bfffff,800,41475.70564680119,174077601758.53726,41.03625,32.744254851526534,67.38144688199459,2605.310617416273
8866d3226dfffff,88,23312.521374927783,27378909616.766853,40.375,24.444298503238983,135.73185483980802,2794.1956163148425
8866d322c1fffff,1536,42297.33183440051,200201159141.68143,27.77083333333333,17.391884918766035,42.25710611393996,1825.109700136164
8866d322c9fffff,196,8113.560130544552,28131091197.70248,249.6071428571429,29.2648957444599,52.91609595186699,1643.5718332802426
8866d32303fffff,5410,133108.1857327903,479883037567.6893,16.915526802218114,30.21570097233795,149.51033182184392,1535.4578790695043
8866d32305fffff,2471,229763.01861042183,933329335878.2133,7.2391744233104,26.225543951389923,125.67763485136436,2462.957250664899
8866d32307fffff,988,26844.639459697348,112041036548.98853,60.99392712550608,30.41934359909122,274.45377032043,2410.641054133171
8866d32309fffff,5188,152385.34492385155,461450694802.7047,16.66461063993832,24.875911927287817,108.71816973498991,2320.046119071105
8866d3230bfffff,2326,75322.02608153314,300733384269.668,31.33748925193465,25.45465658763988,174.17650508341305,1847.9206441739632
8866d3230dfffff,2478,37338.72855328337,155490307989.99014,64.61138014527845,23.550820367170992,189.6792863758591,2086.358993858272
8866d32315fffff,2325,36701.234007761326,134855959380.13287,27.29649207111965,15.508382534881903,3.928336976500091,2391.7145027792594
8866d32319fffff,1421,116363.03760057768,422296199486.9625,14.651653764954258,17.157828539866088,199.0612116050132,2245.150288288754
8866d3232bfffff,446,13118.455383100069,53166025223.94957,142.13677130044843,15.628583713734685,53.41079006092543,2981.678280322331
8866d32335fffff,80,25653.545535081503,118948267328.32248,71.5625,27.72820822527561,288.32109524083654,1704.6596288350995
8866d3233dfffff,1109,25889.088482592808,130808445623.15526,67.47971145175833,21.287119621526536,44.59881832593389,2542.7168310713905
8866d32343fffff,4271,35951.487480321826,86841235282.56482,47.37696089908687,25.171413823294056,124.38723711810712,2106.4781521564382
8866d32345fffff,7797,97146.86786172274,310355671316.67346,29.408490445042965,33.15132947852186,25.60490042359316,2142.299422388422
8866d32347fffff,9855,72120.58983366565,183955261458.68115,31.57400608412881,19.9858445829775,299.0622755537842,2576.3966484872644
8866d32349fffff,581,53753.29819641483,295664496649.8765,32.311531841652325,23.207658460712597,150.65850309937278,2538.6542269865545
8866d3234dfffff,1519,29712.980042389376,124228409474.2418,77.11586570111916,30.111022770860973,178.61550519601315,2986.8839905532823
8866d32353fffff,4940,107512.81988942508,484250750257.1954,24.03157894736842,19.57596330983245,20.122943216528245,1692.591434181188
8866d32355fffff,2333,53335.941739786205,199947004729.9951,36.94470638662666,16.53959819657586,224.98814111975332,1656.1644740762497
8866d32357fffff,6977,151615.48380536144,636675572071.4374,14.653146051311452,20.79502905827536,62.97167792867573,2586.508225693112
8866d32363fffff,496,11810.303724347606,36228798562.19458,81.08870967741936,18.22442574508009,269.4162868322141,2367.580375509613
8866d32367fffff,7280,173434.7689158036,898394634268.5653,6.301785714285714,33.59395304685146,61.54189214460215,1911.2409998397088
8866d3236bfffff,2746,69851.56696950278,296000190253.84125,29.986890021849963,31.16240759128834,57.20631619909997,1619.12905348348
8866d3283bfffff,1608,36656.45343849671,549519768450.53394,80.17164179104478,27.66807513020847,10.964900354428464,1628.4873743946457
8866d32841fffff,13147,54390.30833810783,718909735208.5898,56.89625009507873,32.42921180375436,141.6200835329998,2841.2863119961776
8866d32843fffff,24285,55450.08610620057,530686258042.3229,53.79281720430107,31.07344153798229,169.45233997878492,1787.8009870781143
8866d32849fffff,22572,30030.176405544047,239108953987.4407,79.42839018889202,18.73140117772072,19.71259182850571,1985.0573431732807
8866d3284bfffff,36124,89395.90182496584,824202605067.5779,35.852582671293774,32.85117996979956,232.6582850085032,1839.984603340482
8866d3284dfffff,13584,191242.17180078235,2854439902295.812,7.327002355712603,25.786844838313016,135.98665042440828,2032.4944587479056
8866d3285dfffff,5016,99635.42695761022,1319434741097.4072,26.80622009569378,31.14880310328125,157.31708079827402,1604.13576411914
8866d32887fffff,743,43802.86667797185,187814007292.99512,40.790040376850605,32.92182599846986,132.22882408146845,2278.5896863624057
8866d32a05fffff,27561,123426.31381576115,1854675600956.5288,26.290882043467217,21.36006949943728,120.2289182625978,1601.4188453883223
8866d32a09fffff,26488,107967.34558930344,1025951330567.2084,31.8328694130746,17.201038490553536,167.89209939246535,2700.5347617335424
8866d32a0dfffff,40507,94509.31098314014,1254123770840.8396,23.222052718451454,19.558703250838832,46.57207377921375,1850.5681228656492
8866d32a1bfffff,2499,54807.01310104048,279863210682.5946,35.7563025210084,23.542155772525128,54.57843914858134,2310.017871906766
8866d32a21fffff,37406,269677.209242636,3774738132279.817,13.006389349302252,31.36029531844986,258.5356863040552,2820.118631342188
8866d32a23fffff,21527,45298.72898386411,330971542637.3223,70.50753175150143,32.21461166512687,283.8346386400898,2476.316053570791
8866d32a25fffff,12419,58522.34117213877,786159776575.3672,54.040824543038894,15.139042610623816,111.99279488392588,2299.436679827003
8866d32a29fffff,28277,95694.48356787022,1115344259163.6543,25.515517863587156,25.21494605155132,81.22340194306614,1986.5006296730637
8866d32a2bfffff,10471,32531.494657396903,278324272706.8469,69.06942954656265,23.348220062975575,193.19986297170476,1999.502869587297
8866d32a2dfffff,22499,137992.45935119395,1840230123134.1047,30.153073469932,19.442156209414605,122.62025132942892,2504.230432797285
8866d32a35fffff,7970,36935.94046864513,297026969100.61017,78.70934122490993,17.397307346673657,7.615906698103458,2991.209041831751
8866d32a37fffff,25593,207872.23541856528,2946612733628.8003,16.615558941898176,21.75230342807256,46.84577920985711,2492.758784774068
8866d32a41fffff,26881,171699.66464821645,2509407062602.821,26.44191064320524,33.858194078250385,214.79166865421925,2336.6751260550373
8866d32a43fffff,7852,17818.236647163045,170331079231.55527,115.55929363237948,21.464058640415104,197.6771825730454,2595.975765358869
8866d32a45fffff,29408,65281.63474517871,539479046793.5164,48.34739598487052,25.37581243486732,8.128797751045047,2197.808418425577
8866d32a47fffff,21217,98733.96093120976,1423574401491.418,40.57317245604939,29.06037917790356,66.59164857988483,1590.2135139011775
8866d32a49fffff,33603,117278.24230093075,1225245005033.026,31.21909159442141,22.27259204758588,69.32243897642142,2343.4452238168647
8866d32a4bfffff,29094,96347.57695855436,906501337443.0212,37.68629470469155,34.435641654419214,201.5678230796185,2936.4379267580703
8866d32a4dfffff,20458,62378.53401844801,773120294893.193,41.14819032529584,34.24894589884222,5.913161326309247,1762.9544135364897
8866d32a53fffff,400,14949.442913522122,57868014094.23924,109.33,20.035645916507285,31.232574595372157,2535.0073362309986
8866d32a55fffff,4085,19233.165076624413,180890106314.23935,127.58552128473109,24.94497011784771,239.9748256119568,1801.4005329885847
8866d32a59fffff,20651,184999.41984017292,2499428868061.8623,25.29407776863106,21.017566196335395,53.56339861630008,2303.741526709622
8866d32a5bfffff,2788,55542.77710032981,307165705246.98816,34.175394548063124,20.696809887549357,195.8238323555624,1645.0146744700794
8866d32a5dfffff,5924,40624.94852352119,445732556627.0506,82.54540850776502,15.737738947090657,71.45483431401796,2175.556404387278
8866d32a61fffff,27007,72624.51987383986,601072993588.5366,56.04885543094177,27.191286679597937,29.832417827803543,2634.244993342869
8866d32a63fffff,21379,52514.07270755351,584242562607.2377,44.42521619961249,25.05358046457723,72.95165729983623,2021.3572863584727
8866d32a67fffff,23784,158917.870581821,1447159862917.4626,20.48078856493421,16.029575024999787,216.6800795566977,2497.367586730827
8866d32a69fffff,7238,32249.184246543708,413098191010.0324,123.64921248963802,20.57292928473223,256.7089404318857,2693.174941184594
8866d32a6bfffff,12469,19869.70256538013,131368664738.70148,145.82605013550136,33.165317719333075,249.0659593700975,2890.766729219179
8866d32a83fffff,1074,115448.17652139252,592148639933.3766,15.057728119180632,19.79123781333945,119.15505888553643,1851.9631227831803
8866d32a8bfffff,1148,34773.5740088352,189255749222.752,47.73257839721254,17.897897441824462,200.42554097119384,2098.9738737139623
8866d32a8dfffff,211,82065.66794185157,593167046259.6268,25.777251184834125,24.78905520555126,61.49528862474629,1728.6240199956262
8866d32a91fffff,1061,38261.52119934411,213039020995.3094,45.26013195098963,34.71300908221201,87.94431907830398,2988.725253237563
8866d32a95fffff,2144,106435.22384090646,655468736865.3044,21.17257462686567,19.84110543023001,268.90074555633595,2890.5014518864427
8866d32a9bfffff,2389,103930.69841993316,711385151706.3707,17.54416073670992,28.44271094811757,3.9005770532208106,2309.9356954208392
8866d32a9dfffff,1478,74299.04476914692,439973259945.24365,27.081190798376184,30.23239230657435,25.652559256340425,2763.049941564632
8866d32ac1fffff,676,8338.242699711025,37166366069.55109,152.04289940828403,19.752750879847994,62.3658765438082,2281.436965908063
8866d32ac3fffff,1979,114658.84540059348,537771957943.24365,18.097018696311267,29.56432697223719,7.959661162145915,2435.37853200414
8866d32ac7fffff,645,10830.638829148396,60621396384.65388,167.61550387596898,22.355662654385064,54.4306305269392,1633.6866481740249
8866d32ac9fffff,5043,83347.8275829754,393975001397.41486,26.39619274241523,27.64611661187159,174.91246829090764,2632.905630745212
8866d32acbfffff,3957,44806.46621136071,160587336882.97638,28.465103745621125,27.670594215217896,126.42736517774938,1691.5702254528524
8866d32ad3fffff,4509,98907.30947812495,842995044420.8157,18.541805278332223,25.71549368149517,267.8015133230925,2739.1014453787925
8866d32ad5fffff,1026,15007.215198140862,77717211561.61931,129.3849902534113,16.805795401088165,245.23306852153223,2673.042131505579
8866d32ad7fffff,1326,65555.42035646227,359454032433.97894,27.92760180995475,31.70604991178476,102.5452055093628,2563.117046614465
8866d32ad9fffff,857,12682.94339307523,81957560525.03279,112.7946324387398,21.41560129943472,77.82703002938774,1554.2405707871433
8866d32adbfffff,1330,62794.27490774908,340167098638.08234,30.348872180451128,18.730370207997083,113.90772245018007,1954.692533917993
8866d32addfffff,793,37759.431045166624,191625606127.6993,37.7906683480454,15.815502831095278,177.0884827544423,1894.668854866264
8866d32b11fffff,3906,60792.695082178536,687467889758.7966,40.723246287762414,26.81785886376484,80.41909224686287,2040.2046112072785
8866d32b13fffff,13710,47315.22791793385,426267863849.8104,65.12854859578354,28.55128723684565,187.2446723547402,1631.4641201457578
8866d32b15fffff,1401,33215.69374505179,448735389535.8705,60.02472727272728,15.331756578557124,122.82349565737212,2905.4367345465944
8866d32b19fffff,1546,31560.68435046149,388652646205.5831,94.91009055627426,25.24186116598562,165.61415425559406,2330.7033610685644
8866d32e65fffff,564,121481.05450103364,539139996294.4859,10.588652482269504,19.52991550395876,130.837958740595,1958.2864659870356
8866d32f49fffff,874,23805.90838937819,156901373472.97562,70.24256292906179,27.903455808189,88.3397278625753,2095.472275611425
8866d32f4bfffff,851,22182.097977832804,115736947497.49857,62.54731457800512,18.487328580099827,284.535992088647,2170.8038107572534
8866d33065fffff,550,12473.208867609344,57628197809.28116,155.64909090909092,28.81875476204932,229.08173824792823,2400.891500040926
8866d3309bfffff,3139,127564.43640864208,734875094619.4407,12.883720930232558,22.734706926010748,42.03395272993576,2273.5191415447466
8866d33101fffff,11227,52631.63999864092,431608185371.6517,67.45020069074955,33.73459977473469,260.54039276937385,2879.087959821626
8866d33103fffff,4567,21168.042732544152,172672683900.4082,142.4036945257941,17.750418882919867,146.2293594748541,2245.445224358745
8866d33105fffff,28120,137071.06336422695,1248022991858.1064,31.004060761016696,21.82132702100517,268.3656680682274,2988.237022234969
8866d33107fffff,723,13837.53392347792,75377243235.60205,141.6721991701245,17.269470424811782,239.95657678419457,2777.1374366176437
8866d33109fffff,14496,151666.4171565906,1948878803846.5227,30.07698675496689,33.49387236557126,127.56405134077004,1812.765771536004
8866d3310bfffff,21723,146777.4232244303,1369717508735.4824,25.182497071456464,32.54678706761962,6.740792496035219,2895.892821965874
8866d3310dfffff,14182,51353.20107166776,447772119187.3293,67.18292047905973,20.15883255430311,80.60320781548383,1674.549596828214
8866d33111fffff,1253,84742.03581070756,548880068050.52136,16.67757382282522,28.19968092068358,162.49026439826008,2726.1745627367877
8866d3311dfffff,6738,140128.94948471483,1767702116039.107,28.40739091718611,31.34444400402432,190.04346594784417,2070.93494021487
8866d33121fffff,3980,60553.74804895608,773544802398.8551,44.63417085427135,26.10401623198925,77.36630562996069,2816.9614806676045
8866d33123fffff,15315,34410.176017676684,305056787449.45166,93.1870959051724,25.59301156712013,41.80682222184724,2802.0850351611757
8866d33125fffff,35297,251009.75737771724,3093337167214.8105,23.526305351729608,19.837045818009035,250.47907103978972,2708.888100176432
8866d33127fffff,4908,21138.906213200225,183139457253.25903,179.39460370994942,16.862055356117985,295.32065421106563,2685.045654460592
8866d33129fffff,2225,30796.070382417583,247696786151.3473,52.15595505617978,32.944315159066534,157.70705469080576,1957.0187086470607
8866d3312bfffff,8606,46142.002881373526,411713148774.5072,57.623636363636365,33.00836114326661,51.50378575449105,1621.3789245768785
8866d3312dfffff,32737,380099.7737748937,4832534577027.945,13.71500137459144,27.66202914546536,81.69219795581068,2104.470268147742
8866d33131fffff,1835,72180.88694160063,492384063744.1847,29.295367847411445,21.78059582097401,5.51720296424002,1760.286772479763
8866d33135fffff,5724,25495.73791358278,204436974941.9547,112.5773381294964,21.984191492253217,274.2896419681497,2542.4266333536925
8866d33137fffff,4161,75881.72428453795,870797159493.9553,44.03484739245373,29.519113577404788,35.32532486704234,2019.1495898066785
8866d3313bfffff,399,32406.662492495067,154247226290.79782,30.230576441102755,32.94220519905154,172.95494265427607,2963.4153012898723
8866d3313dfffff,216,143144.53303471443,1362891083393.0576,5.138888888888889,32.741728485302346,82.2165662061618,2461.458116017998
8866d33141fffff,1975,28501.94345983896,382836379435.974,95.76506329113924,30.59751091715248,166.253400754738,2733.720845451541
8866d33143fffff,10611,41744.20050203355,372828779027.98193,77.5198649951784,27.84063292308576,195.4261165055593,1698.7870091127727
8866d33147fffff,8751,37136.0417967317,498397908233.94495,107.5298822991658,16.682799299900978,248.9225411121605,2793.021723408934
8866d33149fffff,2773,41874.71179656228,496077395193.4376,60.79192210602236,18.23257428189228,61.92638152818096,2884.1357857700914
8866d3314bfffff,13913,105968.6741565988,1368378534848.9563,38.82606195644362,32.97108377054158,3.2987485975441437,2230.592878228404
8866d3314dfffff,9837,648026.2524449062,8476107145993.727,7.870183999186744,27.1285811931918,41.06568902064218,2409.3794066264663
8866d33151fffff,1500,25797.947396826537,122160475777.81776,75.15133333333333,15.183941032332593,270.0055925544316,2647.214701354493
8866d33153fffff,20708,270317.42839300813,3861020221408.4766,18.62304423411242,17.02943085732064,262.1670232687546,1762.2579408906188
8866d33155fffff,2945,25246.277162460883,140803980281.23828,60.15687606112054,28.270035382161115,179.2239306510925,2253.849114695164
8866d33157fffff,6099,178298.20979554747,932094662979.0764,10.190031152647975,15.101231676924376,180.155058130096,2097.9945416584696
8866d33159fffff,6906,72425.67160579476,1022293095736.706,54.0172313929916,18.216161028349973,199.51100236387663,1719.5609882433737
8866d3315bfffff,5302,67727.25887735539,314442855748.3968,25.77159562429272,25.974675787331723,52.61138358703488,2051.301633437297
8866d3315dfffff,4830,116227.6941923775,902745011928.8289,15.180745341614909,28.837903953853864,274.32358377748795,1602.2584640782404
8866d33161fffff,13987,131285.6674202446,1696702350232.1858,35.35761778794595,28.03922519005201,125.63115746762192,1538.7178604242304
8866d33163fffff,26292,407121.138638698,5106374960552.406,12.6154343526548,19.4853861892112,114.94155847484924,1702.749433732234
8866d33165fffff,34027,125183.75860158664,991764667147.3776,39.354396709040856,29.24358442695072,155.67531158485127,2944.6726673837607
8866d33167fffff,55760,258922.11730070185,2684069031049.213,15.666792766891126,19.744981749936,14.089790032516516,2324.2943038425256
8866d33169fffff,14215,123330.71860468964,1082714719078.3744,30.20401116661769,21.50799396318536,49.88501062682382,2948.73324172983
8866d3316bfffff,1186,55416.811457264725,298325932886.4904,17.031197301854974,29.92982810236048,221.41008492791116,2148.7468174951982
8866d3316dfffff,10554,61877.2148492953,768077926717.2932,73.48881940496494,27.99265798094429,24.83960037753794,1967.7241996278892
8866d33193fffff,316,24382.00162759155,165500633914.1838,82.86075949367088,31.98446820988356,180.94563283991647,2259.212794260366
8866d33197fffff,263,23519.334483175982,135744937237.5249,63.87832699619772,28.15225784600687,73.60473290439629,2159.267532949365
8866d331a1fffff,1140,55545.05946676496,235818112171.4668,29.776315789473685,26.36617206670943,116.78868421259295,1658.497026392616
8866d331a7fffff,101,98569.78025477708,821922664293.7283,7.217821782178218,16.87349535656185,86.60812103120996,2461.239472035309
8866d331adfffff,3706,39198.23764200531,209152401620.7322,48.82892606583918,22.35431606118867,106.70181493948472,1824.0572737643995
8866d331bdfffff,242,20353.9987495832,113500451675.49825,50.599173553719005,20.30404735363451,215.71377155527364,2429.381932346744
8866d331e7fffff,267,15131.0573681151,68029201184.71538,104.21348314606742,19.87979286758167,89.13651468695251,2475.30163859723
8866d331edfffff,360,8325.434313593292,34366894632.24999,227.6083333333333,34.46021109504891,169.92139208906914,1728.037279692972
8866d33325fffff,3710,144658.81272524735,761891757141.1787,13.34366576819407,22.861954493335208,142.8151206597299,1592.0244406660022
8866d33327fffff,528,259509.8285070785,1981962010268.838,6.901515151515151,32.84093110354227,199.10134960879444,2671.14237910266
8866d33331fffff,1051,36735.61077939909,348222189224.76227,30.878211227402478,27.622772519945254,281.0489217974274,2189.7006356539805
8866d33333fffff,6743,81327.01142885193,1080225967537.7426,37.31054426812991,30.896226070832967,219.7716291630751,1587.2456932582136
8866d33335fffff,5603,45183.05274421248,501265984414.52014,53.36623237551312,25.052741862103844,64.48211357722703,2992.2994757546508
8866d33337fffff,1982,40170.531862602526,229199300926.0103,35.694248234106965,26.53807769252718,9.3549405183854,1586.67084149455
8866d33339fffff,2105,54522.676099392986,713893305970.0645,44.52541567695962,24.85035387637728,78.67921328994753,2542.55284328783
8866d3333bfffff,2884,23431.971658915303,168896500137.59586,102.63282087951376,18.90485975596089,178.52337921007646,2975.51838789512
8866d3333dfffff,3215,39020.10796160776,326952297705.7268,82.24800255672739,29.44904230523011,15.427744045275103,1858.7701563238884
8866d3336dfffff,773,17084.827701752456,55142218621.20857,106.8654592496766,20.61544724881712,148.9098741603709,1713.3740530307944
8866d3376dfffff,619,50094.4155988858,304493484783.3957,32.91276252019386,15.486319328629076,179.05285467506675,1682.0774091336434
8866d33813fffff,18971,179206.08295050787,1564609002245.017,22.28883197862153,27.909445918143355,100.27316724508825,1954.9127213513932
8866d3381bfffff,5964,20466.254308402236,194270506289.1997,82.32522692241822,18.542213588140974,231.27366112374656,1651.56871651597
8866d3385bfffff,2369,53482.54164135246,798146328669.0349,35.0726044744618,33.80917168705828,31.97947594013154,2538.242012541198
8866d33881fffff,22690,95929.2579777651,1430580889415.3684,39.53530189510798,34.07857154005175,22.54133452074263,1593.437697195094
8866d33885fffff,41574,100603.66891353534,949354320944.894,33.66398190270217,33.29728780440897,218.456626861081,2264.1331922246845
8866d33887fffff,16095,61020.50744484994,906524655221.0642,63.80472196334265,22.403174005108887,148.64739486185954,2995.045280779465
8866d33889fffff,60337,173536.88545672508,2195859037263.104,18.08519386957556,15.309132330577349,206.5207189283208,2720.955404259028
8866d3388bfffff,38518,117735.2930051415,981664814293.094,40.80282777058127,33.566371251754504,130.44820158112387,2422.829157346516
8866d3388dfffff,22612,70968.7494782628,703500376108.6047,45.30831708901884,23.563682966346285,73.92060997173205,1959.3804311799172
8866d33891fffff,5759,21217.573982129543,177945922894.7976,167.58437042459735,34.33309638087339,245.7306953022599,2435.843754437458
8866d33893fffff,671,23442.15040602816,322538001903.37164,141.02980625931446,34.272399541785056,239.82476369069377,2290.5621958674774
8866d33895fffff,32843,149877.41605731455,1894727514982.8103,24.067408781694496,32.060189109347206,208.40894125632803,2139.1250758355573
8866d33897fffff,45533,177471.13342408414,1951131638629.9624,20.96150228433217,20.888977841391718,81.6435411689888,1696.0655651102993
8866d33899fffff,59,64445.56405353729,468485756982.1007,18.74576271186441,22.701954572038503,177.06920006072613,2829.9063228607
8866d3389dfffff,4576,19878.70950381004,205943787919.4555,130.79446552108905,32.02273343033714,108.29216908200804,2174.6769732319835
8866d338a1fffff,31348,225437.26359681535,3103882559505.622,21.8637871634554,21.338440103125556,27.474621997990244,1791.9337677311476
8866d338a5fffff,3595,42152.10452662531,626485824953.926,52.842837273991655,18.38985493372185,275.1940726386728,2051.639026315934
8866d338a7fffff,25757,83575.25325708865,831174602582.8599,41.008635715417526,26.136025249167005,41.04558927568842,2121.1946287933906
8866d338a9fffff,22006,158039.08702967322,1407579807569.9634,21.68208313425705,33.723095483215616,285.07120614624074,2741.3068433503117
8866d338abfffff,36355,179265.04962998134,1933248719902.292,17.146390451050156,28.92059593349946,133.80173188738672,2600.4215708421034
8866d338b1fffff,3350,27241.361405779626,305277398374.18146,84.45752836553204,26.4012234017873,55.53987865158589,2653.9573404620096
8866d338b3fffff,4372,49835.02833751588,629345540849.5898,65.62122598353156,16.943529875415372,162.57028421350745,1516.5468966429708
8866d338b5fffff,34348,89440.00380989908,798825384106.998,44.33396329939645,27.3001445339834,261.8837507629225,2124.230997269642
8866d338b7fffff,24412,127170.76145894072,1216280705997.292,30.948860693940965,34.801077002085265,219.6674659228684,2222.0162274529853
8866d338b9fffff,23663,397262.7564157156,4642963709526.869,15.105988251700968,17.801680304730482,241.9683443584349,1528.788415234585
8866d338bbfffff,26869,220484.79960519803,2423374057918.1846,9.439028994261552,25.366593047274733,197.6350100132152,1889.7198131175517
8866d338bdfffff,42987,278061.3670425634,3725354148910.9897,18.047642310465957,32.54746143855911,207.6829693553557,2640.434734683203
8866d338c1fffff,42883,101896.68249233202,892953449563.9884,39.6732290566135,29.815372355084087,254.75869546959575,1705.664558593499
8866d338c3fffff,43198,134825.14773734566,1599610530767.3352,27.938940943661635,28.94031481990536,74.90040265775578,2302.965197178888
8866d338c5fffff,22734,85889.99790975696,879802175952.8132,40.84349175911976,29.049681679742186,146.82748909294213,1822.8028080258564
8866d338c7fffff,39031,242481.38203373525,2540398653856.077,18.4463281418992,22.189823024395103,66.36283254588066,1518.18116196584
8866d338c9fffff,58747,178575.78306225032,1478819214284.4768,31.079920859652944,20.871836885289863,296.3004023989941,1861.802186399312
8866d338cbfffff,47388,188369.9199760353,1683166985238.4268,25.416788239254853,31.187223109570272,283.217801905984,2963.810632365081
8866d338cdfffff,26903,103847.4809473226,1109014024256.7007,34.92864462747182,31.202267893583617,11.82804341055177,2702.3056678244843
8866d338d1fffff,12767,85192.43835437785,973904674599.0448,40.31142948615335,32.341446371602075,211.67255175470652,2939.3649664815503
8866d338d5fffff,45997,141105.47701371665,1248300925023.554,30.104964927913723,33.26481105112943,277.5744952246998,2231.781065889544
8866d338d7fffff,3492,21884.27508304944,228994585857.8022,90.00115975645114,25.22684797721876,54.17260353820006,1664.6042980162551
8866d338d9fffff,10764,161279.3940498043,2292627529387.275,27.87263099219621,25.030325893743992,170.38356916578883,2321.9392334605395
8866d338ddfffff,53534,101219.35025198344,814455963879.3668,42.02671280568861,30.965903579335503,274.6464892764126,2181.566001839941
8866d338e3fffff,11514,34254.8118543917,339127228976.48145,90.85929011227816,27.999278615555305,10.183793575739651,2766.535624109424
8866d338ebfffff,25662,201466.15579811623,2755726784084.401,25.452497856753176,29.03933754515407,209.226080174052,1647.123871176367
8866d3399bfffff,4977,29788.911543144128,299986950906.7931,84.16207322089674,30.91585338872202,89.20470221176522,2232.361705532667
8866d33a01fffff,3891,27300.03279721657,358777330496.53925,98.87715240298124,32.800106836351326,277.3188586129591,1725.0729970409764
8866d33a03fffff,34819,135854.3948760858,1314239146220.6765,28.562208168331463,21.759903137030715,291.3174735496103,1987.0138903350896
8866d33a05fffff,1910,26094.76096480808,335001678574.85046,111.18638743455496,22.51165905279888,283.27994673403015,2606.0356160817
8866d33a07fffff,4289,53370.87586449376,757881665280.9172,63.357425973420376,16.87963879681738,142.26426499723914,2214.0271940531497
8866d33a09fffff,8331,92177.9797060424,1269548516902.1455,41.38314728123875,26.56560281992348,258.61279529679405,2063.832427718654
8866d33a0bfffff,9253,31550.35858588481,293542593741.8097,96.49786564816895,15.718845475934842,253.3648195605211,2091.714417855053
8866d33a0dfffff,1456,24932.66207861892,342827821899.02686,83.48489010989012,24.3119603626492,95.7301419729767,2189.17015260898
8866d33a11fffff,17935,220180.6320690553,2884646973842.204,22.048954558126567,25.85289269415153,248.6746422452032,2677.524815755585
8866d33a13fffff,22022,119690.7628840403,1108375291709.9746,34.04724897492133,20.730825042565687,11.102290414647786,2838.127033410352
8866d33a15fffff,13064,32736.50176729339,228278025119.0797,106.75224636497305,26.81666521138021,178.88096354461592,2933.002029755892
8866d33a17fffff,31018,110080.77308592256,976859408168.3918,40.98186261013216,15.610004998780989,69.00265118631091,2680.3550793829427
8866d33a19fffff,18740,47308.99295478297,404084001547.3108,68.74861388334442,15.746963774984287,36.17006573318364,1973.1103436220192
8866d33a1bfffff,9955,55502.69851088732,811837288722.7124,74.72737317930688,31.452011213193167,23.085960488762748,2532.2020591298133
8866d33a1dfffff,15415,50498.908161847394,591136435793.5645,56.37698568990416,22.20381282822526,208.88663276344192,2156.404686083088
8866d33a33fffff,5756,20456.16435531548,182228212689.58377,108.65338292596527,17.541210253037697,101.96248913041984,1882.0059330690767
8866d33a39fffff,5274,36141.131817782814,477665607022.0752,89.61281759575274,25.44486520109609,217.43003145862843,2761.307369138884
8866d33a3bfffff,6822,30910.68366834909,331843007122.8284,85.86733936785873,30.399871061972217,19.60690223968271,1557.6395234434874
8866d33a41fffff,6618,24813.672162308576,230629553437.96735,115.23451327433628,19.316420549936865,94.5871013491831,2852.6429882031352
8866d33a43fffff,7012,27560.84007425954,244810625884.3784,115.12576241649724,27.457809516380003,161.84738771260118,2192.2161969371014
8866d33a47fffff,9111,74467.52491263949,1089596103961.8029,51.663483701020745,16.70694929987536,237.21694945168903,2455.8022152124204
8866d33a51fffff,41625,147571.92840696863,1454370946741.2595,28.83106287805622,16.033634423372153,95.62575087962098,2489.030883308674
8866d33a53fffff,18581,44328.354578988816,447922805879.24005,61.59169916434541,25.62709263136296,187.76741293110277,2842.6766110598046
8866d33a55fffff,10614,52112.959201013946,445643089470.4497,70.24672510588003,25.81270243220213,265.79332447085613,2455.004523250811
8866d33a57fffff,20651,97648.78914901934,861160072918.4604,30.43364989081306,27.74859802996413,184.75895645469137,2420.9003771400926
8866d33a59fffff,2411,29777.42510152709,526897112184.9426,97.73040232268768,29.52182667445323,69.88784242609013,1599.978060841035
8866d33a5bfffff,29109,117938.4302403168,1631099095444.2852,29.476210106839808,34.517041589250695,7.320234466961406,2277.612032917806
8866d33a63fffff,2536,57020.046102031,692993952076.657,55.092665615141954,25.326006966023904,261.029662170279,1725.2535012255626
8866d33a81fffff,31460,97868.86134145802,1205232739123.769,31.05380041780492,21.45912945882492,6.380823255116141,2606.1506530822285
8866d33a83fffff,40808,149955.07670533383,1118149780867.6624,37.99721433964229,30.90372389537407,262.4105018052598,2268.332881219012
8866d33a85fffff,50012,143228.86598872408,1185943987357.0342,32.22733624454148,20.41664502524149,158.68114020816358,2520.34166881253
8866d33a87fffff,55463,70278.81661418216,388039236481.7253,55.96637254074137,23.77942841411272,281.72030955386884,1562.5093509035764
8866d33a89fffff,30893,101152.03944366644,931503657444.9768,43.64288428981101,16.56912762684532,239.6349707320996,1627.1880240687049
8866d33a8bfffff,36903,107879.83239819956,939410909815.2563,40.074067614313535,15.50701486830915,299.38023316000124,2574.485082094024
8866d33a8dfffff,12412,97148.58282752371,1265569882431.0107,41.779809861424425,34.2529682935585,105.21354463551305,1608.12650399801
8866d33a99fffff,5821,333903.34355343843,1157173613448.6924,7.536333963236557,31.71960241024412,230.1564866793381,1606.885091647888
8866d33a9bfffff,1370,29030.316952612127,110284985186.06483,67.17956204379563,28.91948412187396,120.57927408277264,1518.1627128523312
8866d33aa1fffff,9569,36377.22978359758,296557016285.83136,132.5663882171906,23.1790588882854,143.96268609117266,2934.75209744922
8866d33aa3fffff,30341,119908.03918874332,967901532650.6212,38.42257116877666,18.46588640141692,188.25163896551103,2606.2625391885103
8866d33aa7fffff,973,266707.7973919343,2785883566737.0044,5.257965056526207,18.12874085342172,262.10313425590164,2029.8771127530963
8866d33aa9fffff,13162,73996.75773448485,583007831969.4828,71.7551830255912,20.004857963291904,295.22504075978856,1944.8033719314828
8866d33aabfffff,79022,147281.90119998413,1008862599665.6516,34.077945391898545,25.984533294122407,230.48202415935543,2024.5548446187745
8866d33aadfffff,2581,17568.489777331462,251220722170.4692,245.6113909337466,29.291918454001248,125.33003465020012,2661.980296771773
8866d33ab1fffff,52455,86346.96777444333,615422574832.0433,58.50485415854028,28.203947534354626,126.40710068312106,2492.055916605622
8866d33ab3fffff,3071,27542.145154574813,273165636018.48788,104.98814363143632,20.598677938918858,221.27469047666744,1777.793351801202
8866d33ab5fffff,43103,244012.2445270329,2563242981557.3525,16.93723211042499,34.097305613263885,71.6331437304907,1761.1640030011265
8866d33ab7fffff,64286,136730.06225206467,954444988787.258,35.71520416087263,29.75793833391537,33.1422339394184,1647.593474570096
8866d33ab9fffff,30054,144665.48130635286,1312879073321.6382,34.28486467236467,26.08708105022801,106.38664729223296,2490.454079552007
8866d33abdfffff,70855,208917.5685699712,1652087230050.168,25.27995923505785,27.234414924687044,86.17169749622452,2646.558993332604
8866d33ac1fffff,33635,126444.55661600956,1081481457778.2062,38.86867857819307,23.3920012485558,88.89243613679703,1897.569642487506
8866d33ac3fffff,17289,139550.690138831,1895152183119.851,39.04303314246052,19.95461979002315,70.08232531497298,1531.4174415463692
8866d33ac5fffff,43771,146901.39117839962,1186045478710.3892,29.282082820828208,22.119453573025236,12.627956890908564,1623.257501214641
8866d33ac7fffff,32940,89972.08743826895,809055660094.4652,44.02770756048718,30.15692220928738,5.362180420024143,2951.790052267545
8866d33ac9fffff,14023,40727.787978099856,340612787816.23444,98.75805265480216,15.287869772595116,296.3167169208095,1943.1671662161305
8866d33acbfffff,21308,47386.920011266935,554775301106.1284,62.492015725865166,17.321452810138325,128.3319401207587,2653.8347217572004
8866d33acdfffff,20451,70858.25208781616,655058839645.423,61.55081237710856,15.920052840435057,115.2979941479045,2436.995353281396
8866d33ad5fffff,26018,297801.59824142593,3352924088693.998,15.943615958182797,15.814576046379402,203.89418480792096,2072.909459479344
8866d33ad7fffff,8804,52401.135051024976,763542552329.1877,44.68029612756264,32.10921168022014,65.47616635951925,1808.5308932933328
8866d33ad9fffff,445,29999.606323479056,269894256829.52023,60.08764044943821,29.073157187600472,284.9883551850676,1682.0796272391096
8866d33adbfffff,98,155375.53287981858,934162617815.5544,5.5,24.483476581746505,235.9035043246656,2422.5194520583
8866d33addfffff,3506,27157.39941706137,339559450199.9593,116.10781517398743,16.95668321302003,26.82330069367785,2661.950670956682
8866d33ae1fffff,19608,79881.7108725265,789757975422.9156,54.068792859475344,24.832317502336647,125.2742327354785,2465.856380311696
8866d33ae3fffff,58941,165025.44207979378,1337816369942.978,29.16809784961755,24.469435415611315,263.7354922686494,2295.453199873737
8866d33ae5fffff,4090,17884.906170747032,160346634744.3046,147.1815446339017,18.464037398200304,283.4196066874231,1562.9268351474543
8866d33ae7fffff,34831,176881.47626498464,1493092494344.0603,28.309111561367963,23.67703298475946,140.22045337496093,2952.733166391576
8866d33ae9fffff,2844,110888.68451938128,1611262731598.348,13.400214592274676,22.97009468794747,184.0234167632123,2698.071287481862
8866d33aebfffff,21626,518304.1768698706,6049579953202.0,9.575141033940628,27.31700196104433,50.11018382762257,1939.233055051447
8866d33aedfffff,12175,93905.30464550818,1211047014937.502,45.90899383983573,27.701873017352877,297.350587841093,2969.955494038276
8866d3ad07fffff,688,248941.61373873876,1626553046762.5986,4.905523255813954,15.90608019544089,69.50151041503302,2402.822384454483
8866d3b141fffff,413,243504.0514267796,1570875170937.046,8.721549636803875,22.492252292529425,282.8195322405377,2373.63398731087
8866d3b147fffff,1691,55884.741657038,392341535834.3001,35.803666469544645,27.517198314284727,194.89399469771053,2622.1097691442983
8866d3b161fffff,50,18467.12368325463,109161800056.8229,111.12,25.062725171601755,182.32103846365771,2717.6546821352063
8866d3badbfffff,644,40417.59624747655,274087380590.2501,53.30590062111801,32.12979682376644,153.8065533049526,2484.717910997254
888f0d9107fffff,4761,290913.7296640279,3874397615573.835,11.109010712035287,28.173872632378902,69.20094351532761,1692.1436195493
888f0d9121fffff,20048,79352.57119612697,835309309248.6187,48.28307835435187,18.258688541628597,52.95840960165248,2007.4012589917477
888f0d9123fffff,19077,100980.88307970416,815390002089.7294,47.3592034861272,16.411374948008596,66.14586272105261,2892.1254604890746
888f0d9125fffff,32177,95561.42817668192,910704984690.4984,45.81964215750294,27.84838556412631,55.93147864327636,1836.923417765778
888f0d9127fffff,11349,58580.54315175608,493236692335.9344,71.04452244596342,15.530226210832437,233.875342070026,2058.25053575627
888f0d9129fffff,9579,81954.39745869904,1160152401233.844,49.77763858440338,26.715511625469265,105.03757775001904,2148.1153244162942
888f0d912bfffff,7884,140717.55487735625,1858426633248.436,35.62455606291223,33.80460482849915,17.35280296901891,2159.1074845416783
888f0d912dfffff,16284,62297.43923048275,575261869111.7952,67.26076402197522,26.50948355751758,290.7307890422434,2419.4093737417884
888f0d9131fffff,4589,36671.06553307013,547232437637.677,93.95293092176944,22.76339852413044,265.13576548902773,2914.6137566170614
888f0d9133fffff,2637,115160.2946131963,520288921899.83417,21.72810011376564,27.865764368847064,278.3256849585639,1861.0390677487571
888f0d9135fffff,10034,219521.889025722,1698623485413.3423,21.71630011575292,24.165057809830333,298.47234679393057,1682.252064451377
888f0d9139fffff,2076,32162.01487408815,273904952785.86975,95.22702159718736,25.9123357863187,52.16857476584619,1796.205734789906
888f0d913dfffff,5425,71681.00606631467,918253236822.0624,64.99465437788018,33.8292961755305,118.87260567079764,2830.3873503139043
888f0d9167fffff,6189,73478.29435772132,906263321567.5518,61.57893036031669,22.722052756015486,227.47154271122736,2468.716218982809
888f0d9569fffff,11656,49169.32837245666,406904043963.6314,90.96703880914409,34.22381127647829,208.80618541613768,1928.86018385874
888f0d956bfffff,7844,115115.6920052913,1836886159092.5264,35.213029066802655,33.107012839121275,46.16877190195652,2723.9204084529256
888f0d9a0bfffff,2742,45095.89241895122,494236493105.2745,79.11633843909556,18.915822695785927,244.74993749718533,2792.054994545154
888f0d9a11fffff,1464,27478.374616757737,455231494409.5649,101.34699453551912,16.38722601750331,67.3321715509982,2769.7715080354174
888f0d9a19fffff,12671,129104.0994626077,1893343232089.43,29.91784389550943,17.01556002754853,67.14528444678692,2878.389800459332
888f0d9a1bfffff,7649,43234.23237240971,391089616994.4795,94.38942635236408,15.364436513030997,161.09232686802406,1878.3615302600424
888f0d9a1dfffff,3974,94154.59780028329,1069571908929.3846,38.84197282335179,16.88885921511857,177.88198045251096,2632.5628931194174
888f0d9a51fffff,4760,31960.066295307424,272219812329.2699,124.92526455026454,28.660135468327137,174.02586235134336,2190.80924591121
888f0d9a53fffff,8217,83033.67444924379,941671849863.12,33.68929990069513,16.42377296920458,27.446051219326463,2762.9978293350923
888f0d9a55fffff,1091,40825.47694350689,409692328074.5816,83.83226397800183,21.379512605875227,263.2382587891141,2592.73601574242
888f0d9a57fffff,8302,58057.88141062255,530152012115.8303,68.61377844461116,31.89750621938909,79.68001277661182,2664.6711697495866
888f0d9a5bfffff,3842,31550.22735439419,288609490467.6328,117.17651888341544,15.465438714716518,38.85447638484125,2484.242756521607
888f0d9ac9fffff,2631,59538.54161718011,354926549003.9636,32.36221968833144,31.28936965177872,266.62442396069315,1766.1431542045602
888f0d9acdfffff,10695,79182.6857644925,997549160113.1362,32.232564786585364,20.637095495468,286.69544946892603,2317.540378345408
888f281acdfffff,9207,394909.9310059846,7136580224682.423,12.434126208319755,17.363296552433127,258.6382851796352,2977.0046092867624
888f282833fffff,1248,27680.219890943576,141384841129.872,102.39503205128206,28.93474330728301,242.85482241746345,2906.0820997456785
888f286215fffff,2804,42555.15961421617,548015581133.191,103.14978601997149,27.57885693559768,196.5725941917065,1564.7606036955176
888f286217fffff,1978,49235.10862266488,569244838462.6605,77.36400404448938,32.549440270541055,165.2572111827418,1747.2222235941556
888f28623bfffff,5971,57595.12060104255,519159994361.1548,64.76047800484932,29.70142087607772,26.09602797342304,1697.593160181843
888f286417fffff,947,15436.539474685129,92812720475.96512,98.17212249208023,31.06961860769697,122.5359639212096,2588.969864977943
888f28643bfffff,213,12634.242115737905,36495130786.18408,123.67136150234742,20.64069145142613,111.8065551036942,2726.677994785417
888f286489fffff,1182,287919.83634521195,1256507418548.4858,6.024534686971236,18.548790875594456,77.92613512809787,1820.267049466008
888f28648dfffff,2150,147888.77673478553,682561117504.6777,11.608837209302326,30.012295032817168,217.02603410657548,2258.779039427744
888f2864a5fffff,8071,68805.5755737014,235607245899.2484,27.04163052905464,31.13669478534528,148.76272052363123,2761.0545420168
888f2864a9fffff,203,42667.9650525354,418192146554.3604,22.57635467980296,34.81010284001347,24.31386477229438,2599.202317149376
888f2864adfffff,5127,133742.00436010808,541198230339.4948,20.07041154671348,23.25235353822853,66.0549605849434,2313.355808237772
888f2864b7fffff,303,45414.29869044302,188674591626.8657,36.537953795379536,22.440361715855666,204.9776290978788,2385.5215356881595
888f2864d5fffff,1070,150270.91928632115,489277753733.6361,8.794392523364486,30.52825921483993,22.839257847090057,2262.54082037442
888f2864e3fffff,1859,101460.25149197275,513541140478.59454,20.231845077998923,21.81607080506036,255.3620742146306,1946.322676978231
888f2864e7fffff,2522,121119.87628422985,462967622366.3608,11.54599524187153,33.61514651207129,148.54395810419228,2347.5329892885243
888f2864edfffff,1647,99762.3771970982,495090921044.6274,17.823315118397087,32.16825503686024,144.1759731979944,2533.327953075136
888f286511fffff,951,43621.52818678546,245850100647.97964,48.91903259726604,23.57988054750037,177.7223353978553,2809.9843737912115
888f286513fffff,1416,14585.236591895651,43048852573.90958,146.65585443037975,30.017421355829946,247.4042897775448,2454.437030968872
888f286531fffff,770,24031.15012264162,154411094204.4972,112.72467532467532,30.090857481693646,104.34276237065792,2641.682305564737
888f286581fffff,475,120047.17860151644,810453246614.3976,5.997894736842105,17.062477376718654,203.40484576771905,1740.1074524318594
888f286583fffff,2414,79555.12169204236,1007704162119.2852,45.683098591549296,33.05105813359133,169.7195891987373,2192.336211629685
888f286585fffff,6636,80976.91720142734,320787301125.6516,22.02516576250753,25.105047448957144,80.1084810508264,1513.99742974064
888f286587fffff,7770,217251.58474366684,986628078445.0448,11.596859386152747,31.529149322154836,263.5889959065474,1870.0182967824344
888f28658bfffff,5676,203489.15458288853,753694730058.0845,12.557434813248769,21.40099202061224,239.2278064820784,2589.692572669507
888f28658dfffff,970,70923.99584827326,457568936609.9819,22.85463917525773,32.91046456992401,197.5355503975277,2987.714927024045
888f286591fffff,284,84947.26263627353,276216087235.0812,4.552816901408451,22.784033574683264,255.17451872827257,1648.767149380824
888f286595fffff,12992,43692.8248767321,348362142102.55206,94.79259319155818,15.216753029605968,260.1882602879407,2102.2414737919325
888f28659dfffff,2582,21021.70997089521,232671243624.56964,135.62848050914877,33.10763952838528,212.50889301451045,2700.1064530487392
888f2865a1fffff,914,14662.934092307692,97033320084.90428,107.67505470459518,16.82573353572267,251.1039985091016,1806.053451943348
888f2865a3fffff,33573,184029.9815197371,1362172370449.387,27.031727158948687,21.3862727518083,209.24143850078508,2332.6274239534296
888f2865a7fffff,11476,45638.93870483318,407982261399.7236,66.1114055931274,34.0012393410161,204.04223152809013,2599.606944044512
888f2865abfffff,2568,24985.54730086249,328065901967.62726,118.34306853582557,34.012142938751126,185.5834134645553,2423.9781753902685
888f2865adfffff,839,14118.023069977427,83055685673.58696,159.51728247914184,26.46875776246572,225.8149918672924,1782.0371019231245
888f2865b1fffff,273,148928.67383512546,743706280414.307,2.021978021978022,27.636744243395984,47.58153158792211,2033.076853028609
888f2865b5fffff,28207,218596.40937768243,1608021303546.7654,22.550118926265714,23.968910439566397,264.26122775967855,2675.6876767280955
888f2865b7fffff,28252,155959.4858673879,1170661327015.4922,29.036259685548785,20.86421543396129,261.5530583235696,2331.339771198025
888f2865b9fffff,19294,440608.6154881182,4247175428761.618,12.98253343008189,21.57329090739832,8.774184910367744,1507.844420314369
888f2865bdfffff,13770,184612.90500785987,2275820631150.8096,26.54872912127814,28.450369121540767,247.7450251694288,2641.4861400421405
888f2865c5fffff,4687,59656.003404233925,258772603433.3421,43.63964156176659,30.0474905887536,38.66096024203356,1552.9670324103586
888f2865d3fffff,1472,16325.214371611217,86310437567.29756,65.9069293478261,30.83158087451697,100.53565627774258,2618.6006740968483
888f2865d7fffff,7481,120969.37545797975,505996319896.1821,22.153188076460367,30.79236285589108,223.05247688748236,1803.720840247856
888f2865ddfffff,1675,19580.31946185343,71243333364.39507,38.46388059701493,16.824122060973806,48.22796881449246,2937.11022017907
888f2865e9fffff,897,10581.896207095971,45784484959.23063,151.39367088607594,24.88840609405163,245.39010723571863,2051.9111269531268
888f2865ebfffff,1915,46643.39268503408,259740805443.57077,55.39686684073107,16.151175200332887,249.6402533873226,1990.3974245071183
888f286e87fffff,837,185691.7653320623,1650337531661.4954,8.519713261648745,25.990577646474712,152.24032012825086,1723.332075498667
888f286e99fffff,2046,48896.13006836501,652690772047.591,56.910068426197455,23.83061002746754,1.915761515050074,1958.4063232353224
888f286ea9fffff,2805,51045.2030515926,603949734847.6353,75.59928698752228,32.754083655166,86.11143995247383,2814.976142742301
888f296da7fffff,199,317400.0418719212,1651208052177.571,3.040201005025126,22.018300251041573,185.07807551272265,2994.501506440871
888f2990c7fffff,32693,157701.02326670778,2555640599868.361,28.81681093812131,17.341340328552118,294.35585340822706,2052.4642957602728
888f2990ebfffff,20854,93328.0553008153,1025399900410.9554,38.65446018758731,17.859833641056717,189.5440581050005,2172.9159464318136
888f2990edfffff,9681,100090.0669468471,1378097393525.9905,36.54240264435492,30.23021263434945,77.94107431924793,2583.106407304105
888f2a0c9bfffff,1476,137395.82696066934,745808244340.4565,9.665989159891598,27.364361266325226,190.2017109298834,2829.293670697612
888f2a0cbbfffff,357,17295.468420052657,110490560385.79114,104.2016806722689,17.022453522455805,161.99561391475663,2389.5665012801765
888f2a0db7fffff,623,17188.73792376318,128608690354.89764,99.98715890850724,16.682136122299948,233.9536185453431,2087.288547266744
888f2a1625fffff,1434,27481.469771054468,89670546175.42012,56.30486944248412,29.0193826291824,32.094191648087524,2118.932761272936
888f2a1759fffff,2936,21663.290048852214,117984824494.50914,50.57254768392371,16.45526012728387,228.3083707506084,2543.42721974521
888f2a3967fffff,4379,145622.80936236022,1194288246152.464,12.518154829869832,31.43720118580713,162.37997360283308,1504.827395406418
888f2a7609fffff,7315,61384.71251202193,510536481477.682,69.4401776758848,29.124844543129925,288.8976011576984,2429.384006189761
888f2a7661fffff,4848,68163.95941347726,823724794763.9589,57.288572607260726,16.626975612837995,102.56164981160585,2033.239515662036
888f2a7665fffff,3132,65586.54868051491,762009533215.3129,25.042303937520337,16.69675428170384,189.78656794018443,2691.2959969156263
888f2a7667fffff,5474,54924.10498159235,448799500711.6029,59.526088588588586,34.73279157002351,279.60843165300525,1639.4859597346983
888f2a7759fffff,4126,54744.92514097522,279442513169.77875,21.786233640329616,22.48541591512241,30.75291839720378,2382.3034004225856
888f2a775bfffff,3685,65882.92652252695,773953514540.4747,54.01872455902306,22.412842941337814,281.1685461709353,2221.459334829185
888f2a8d87fffff,1471,92967.9212911021,604367825353.1124,16.75798776342624,31.25599134515005,206.365716690244,2463.4882888578413
888f2b4059fffff,1102,88116.49910582381,349283794750.8802,12.67059891107078,33.94497154767717,20.35111773155157,1597.2803917244526
888f2b4221fffff,2662,51617.07922726856,310144430828.8502,29.65777610818933,34.720021276457416,90.28907008404488,2369.9756811421967
888f2b422dfffff,3544,40126.25436463931,214185466300.67197,40.78386004514672,30.067563705178834,212.45162659358448,2342.2268819392857
888f2b4353fffff,1074,55445.52616208323,333059105246.6622,23.95810055865922,22.52519171061832,20.20518044063151,2340.9901416242565
888f2b4359fffff,147,18200.907048838744,125644494621.60995,134.8639455782313,16.670014333973377,174.65113805288198,2405.231499894682
888f2b435bfffff,566,29359.61841050449,218329192659.63287,64.91342756183745,30.54293831854873,103.76491708588702,2514.7019058395435
888f2b8369fffff,5145,171296.63822173284,590850379830.4486,6.940136054421768,26.1680849947161,186.27465533024312,2707.483499521155
888f2b8a15fffff,3662,29405.52196633173,415354640416.065,122.31512834516656,23.48444018493953,13.722610143753856,1904.731080192321
888f2b8a41fffff,11281,36423.795359453376,326754517164.9896,87.8357849939865,33.12708770189472,261.4610418457129,2737.574115270093
888f2b8a43fffff,15713,51488.73062280218,440641738692.69775,65.76334719197519,17.223949646123028,292.0466907532191,2247.3835233951804
888f2b8a45fffff,34766,92734.9296585118,729256902195.3511,44.75708733769168,24.852502085817186,290.66335658570745,1615.5874187014967
888f2b8a47fffff,4717,27456.975376817816,110413465635.3122,59.334377096846346,15.227072895348382,224.89554952287745,1587.8263938659688
888f2b8a4dfffff,54061,238709.470208218,2343471859789.473,17.24586095924935,24.373212839882527,39.02587203918959,2001.3574780440915
888f2b8a69fffff,12045,50121.8967033918,375137399914.857,64.3721126285618,16.126065513636746,227.4789587787068,2677.345465667201
888f2b8a6bfffff,12255,33621.54781617957,291332120325.2536,90.55759897828864,17.376358325361437,7.376074937640453,2561.5214021113734
888f2b916dfffff,138,60338.04638472033,200055676314.93036,11.623188405797102,17.350524935542097,6.637065458699176,2682.9224470086097
888f2b91a7fffff,7042,36666.98755956071,477471697831.84937,105.70505538199374,27.984206042321272,97.08306574486237,2275.903584662414
888f2b92abfffff,942,25888.33928847733,134601107201.76865,90.19320594479832,29.920897585308467,146.5929571213997,2160.298496933236
888f2b9801fffff,56517,130713.69887852832,1036895136268.2672,32.799655287228,26.667375301943192,231.122225342338,1721.178790059426
888f2b9803fffff,62178,154743.92531041,1274653124479.9224,23.994691177733877,34.24345096949084,204.98861298195155,1992.2891304139675
888f2b9805fffff,31615,73233.94827037636,724836764156.7981,44.63774204135215,22.49741159047408,133.7708119130245,2151.029049260813
888f2b9807fffff,62835,169499.88727863075,1243319010230.256,26.69865835887644,20.714241725637216,82.08799988449977,1632.900644519426
888f2b9809fffff,58122,109773.89690863846,888395765737.9445,33.04960370131594,32.3719825637892,299.13735004731336,1830.917929066817
888f2b980bfffff,53440,213242.33201733945,1771555090832.5674,20.68829559760996,19.47191677038905,127.85439067079189,2397.337941095608
888f2b980dfffff,26885,228759.8552369009,3304270758146.508,15.306254767353163,34.264450788812226,135.41610729890263,2603.4946713587847
888f2b9811fffff,41705,218973.7379511112,2113723814257.293,17.47121451104101,15.243089493796326,49.08714635750076,2997.5212670894243
888f2b9813fffff,14594,81213.8148044973,1277369860147.6416,34.45505002055639,34.397576534152776,238.4428646249788,2899.669997015337
888f2b9815fffff,17170,91481.83776001584,1289244900686.0342,46.93651718112988,15.863198239011522,208.1046677344466,2463.8477993027877
888f2b9817fffff,11251,65631.74245518836,658333679424.0974,34.85148967282033,32.82286227396142,66.23088383662812,2131.872079941108
888f2b9819fffff,275,247038.85529715763,2323349358056.648,10.865454545454543,25.554022181726,24.71431368475281,2454.266047062349
888f2b981dfffff,11575,80993.77165626282,720363444515.8563,62.04445454545454,34.85929592238601,204.14979062241392,2678.477427120348
888f2b9821fffff,46260,113633.47750173484,775884707363.4164,38.82745203602192,16.475931294707976,196.35336428434056,1677.504286385081
888f2b9823fffff,13447,382950.7639765654,4632644770100.797,12.884509556034804,26.07708568802641,81.9778580994628,2114.8573345444324
888f2b9829fffff,39181,122930.37056075738,1039280344775.6124,38.84942600823494,34.38605071238198,285.2590686751231,2759.7034284534257
888f2b982bfffff,50830,141511.23179955984,1130806649801.3535,37.418476566559285,25.461956883402976,45.31736753427007,2075.749427899566
888f2b982dfffff,32801,253600.9842634629,2440136032793.2803,15.047309136420523,27.58797276270525,129.7004403127806,2357.80840684078
888f2b9831fffff,25443,332964.5784730111,3984221167109.048,15.706206029163228,28.914973779692343,283.0847760502797,2381.6540412932973
888f2b9833fffff,56382,142161.89780140595,1128020627163.0583,24.486236830390265,24.090821295355465,125.91819507783669,1776.7143797004592
888f2b9835fffff,8299,29351.34840988605,242159523505.7615,107.42720852434644,27.55116160168127,191.5577842992257,2043.3531624784323
888f2b9837fffff,12836,66313.90688633942,949306473221.7968,57.29534122779682,26.686286238462003,119.27831938883828,2001.7669331128984
888f2b9839fffff,32266,82958.67638895632,668524189687.7028,44.69923025435074,33.02316020981978,82.26456070460101,1539.2950627980972
888f2b983bfffff,58614,225461.94405662504,1640538118395.2402,21.08331984533765,15.908927606829158,295.19329438794847,1536.2876458370329
888f2b983dfffff,44711,178905.54683474218,1436408813402.0168,28.718667608286253,20.61926379184461,122.80020189451292,2747.54556551366
888f2b9841fffff,32408,106995.62206987957,834042050149.4897,46.87351895734597,34.008229681531176,268.2297611037403,1909.6062149592185
888f2b9843fffff,41686,102890.1424412102,890968485934.3126,32.20874562718641,32.80527567781833,68.98638176732585,2277.118149358223
888f2b9845fffff,39934,112838.9244653398,972060981734.4508,38.55666333456095,24.11313505571426,63.93141120752499,1948.08836038316
888f2b9847fffff,13220,39837.04424970626,336802547146.3517,81.23671345213688,27.40265195603073,9.340224865353408,2911.018867673011
888f2b9849fffff,6590,51180.0666179003,236900101967.942,50.78816388467375,20.54762365962265,195.5000476127655,1888.9451382986608
888f2b984bfffff,35237,70066.67437603217,509768164785.1192,57.18118004173781,18.762423194475225,110.55790311712836,2144.485219108403
888f2b984dfffff,36685,96839.14461573244,839649922882.3511,41.93440792487403,24.27396809879964,259.3074749518911,2809.0953757269026
888f2b9851fffff,43599,366136.38430268754,4195435973036.549,14.4008119452281,22.06704456052105,141.96297200746716,2762.900350187713
888f2b9855fffff,67458,270648.9620392753,2024521796331.2007,18.09006487923083,26.67312223701744,290.45802837441653,1779.152126769416
888f2b9857fffff,51271,213276.27888733405,1876252413917.1008,22.204158557820342,16.554692739299696,55.65765471093634,2703.964964693566
888f2b985bfffff,2682,32859.04502170893,151916489845.501,56.56375838926174,34.487896153323334,260.5869503866832,2187.280330106839
888f2b985dfffff,66533,193794.62228926603,2069842649312.336,19.08722090557565,34.72421488959206,232.9790558375225,2224.453308128033
888f2b9861fffff,32377,335921.0353060124,3771302152158.834,17.435617876887914,28.963234280394904,231.2765533932156,1700.2199586239158
888f2b9863fffff,26291,119804.702679874,949194499325.1084,41.77201616452607,25.72192732688241,253.4349684350663,1620.902270635687
888f2b9865fffff,7813,19337.598223420755,165960197688.9393,136.87698777763174,21.19055232572656,228.3071972828997,2591.908960460648
888f2b9867fffff,5001,30115.628597931973,289159889472.4614,113.96129032258064,31.27590039413897,187.86609648942465,2244.6917285329496
888f2b9869fffff,28752,101035.71270758694,913967104143.7532,41.031473844150206,28.694623451077582,39.37346330471628,2155.2760539227693
888f2b986bfffff,11641,49785.298657406194,497868727275.44586,57.56549969290164,18.252338786897827,9.757853847375577,2594.262342978596
888f2b986dfffff,2023,168991.9629871791,2735232726525.6865,18.406327236777063,33.21854368987685,276.25435434470603,2648.2693484866645
888f2b98a5fffff,13611,71484.78071203396,649120003103.0172,47.21748482753323,31.45074485846338,184.9950943562214,1738.3622515040304
888f2b98a7fffff,8869,78150.77688688647,1162272428291.5952,32.812943962115234,33.99599826583848,238.96118729285288,2415.337724216462
888f2b98adfffff,30312,117361.19665848304,993884355918.4248,34.28257948947604,29.5143901677672,144.456705453765,1703.0311234165283
888f2b98e1fffff,71216,95301.26766090067,805818233625.2803,27.38057824337121,27.2683039187158,35.192456688718345,2627.0626290435684
888f2b98e5fffff,51428,117932.40129904116,1451410738104.2346,18.742921524444007,23.364860725812377,37.55573766076513,2485.4327344007093
888f2b98e7fffff,37313,136548.127857643,1287531337464.7546,28.871975350520128,33.65456966708027,205.6695861686914,2934.921931625187
888f2b98e9fffff,33583,316329.07188088936,4165403751413.598,14.060238811303336,32.32127779000817,129.0917684698388,1603.4370245346315
888f2b98edfffff,73042,67113.89478283824,441515905820.7034,41.571424221664,15.904373402123788,60.15741801010102,1585.5820817268814
888f2b9911fffff,11425,144138.75066925897,1806302611334.4692,36.13304157549234,15.52733948994504,147.47836402243107,1923.2806120398
888f2b9917fffff,16418,341705.9547267667,3588523424302.076,15.825740041417957,22.52926733756099,19.262681122540226,1892.558525603859
888f2b9919fffff,31208,121399.46878385858,889080032899.9312,37.63980376012076,31.211066615636657,174.59142057431964,1870.468198608
888f2b991dfffff,17326,457669.96086868335,3677884643035.8486,9.525395359575205,34.74552258629889,80.6980213305293,2859.381870781556
888f2b9923fffff,1574,285053.5100813583,3898111926851.91,9.98030495552732,18.008337822070565,239.2677301911565,1874.3192997742592
888f2b9927fffff,25786,141265.96671724168,1134181621882.8213,37.96455780059623,26.8826143070427,93.10858767707214,1907.9245891929463
888f2b9931fffff,26399,90748.01678898152,657462336808.2626,54.76423616712373,22.61781713262043,136.56604472454035,2639.0973936269456
888f2b9933fffff,9850,479406.0273996314,4871969389487.115,11.0102538071066,34.398287956292066,3.4861619724301907,2174.60976367581
888f2b9935fffff,3356,33390.91430364025,370835656035.4708,163.44129916567343,31.842378462714173,21.734066338367665,2665.065835432772
888f2b9937fffff,2371,56236.392750936655,815050278590.8021,76.3137916490932,31.76657409422276,117.74806692200544,1598.0492363465778
888f2b993dfffff,5600,40016.01375868058,382666037785.4312,110.77233963663328,24.373863195899403,143.98165041513704,2231.3567905100763
888f2b9951fffff,5364,29630.05682843463,239467018351.9104,145.74592391304347,23.296390046753302,180.0061644357911,1550.4204002749238
888f2b9953fffff,12233,51595.67291172426,439191911455.43774,79.95399012217312,20.46814143861413,87.49877361279097,1593.979805183032
888f2b9955fffff,29469,255028.28490601407,1836469227545.5208,20.709573964065747,16.127509933018544,208.4945658379628,2859.6561800166164
888f2b9957fffff,11768,29389.027801843906,212734004905.58365,127.88898056472314,32.29444752510106,258.03671915676136,1708.8680566763928
888f2b9959fffff,20662,275964.6846139972,2519559904933.8,14.756602286164762,31.258020182601552,233.95529666800493,2298.631023412826
888f2b995bfffff,8150,131761.13080206586,584894088956.8999,16.476319018404908,34.99435346572261,11.885647604507144,2116.64340390106
888f2b995dfffff,10103,153939.98808784896,1736258481307.022,28.742749678313373,34.93273674147811,144.15208417734868,2021.014989388264
888f2b9981fffff,12598,43108.21484964178,377712398512.304,54.30858031766825,26.10863411205255,31.47905352545246,2849.7500185309086
888f2b9989fffff,11103,45050.8298248208,408074145148.9912,70.9758386767029,30.37974830361021,72.61350475875824,1532.7350951632343
888f2b998bfffff,8406,44348.48531654907,539589500340.6065,65.18724720437783,33.895314597648564,295.9987779801439,2495.6845292633834
888f2b998dfffff,15467,82574.80679549804,705841156751.2283,40.02196918955124,31.99294781354823,42.74866287045397,2945.0916513203256
888f2b9991fffff,27848,63178.40703990869,800412348239.779,34.56675511613536,19.94696203486395,149.6664460354068,2340.2522751927627
888f2b9993fffff,20473,105283.74135499509,946376167090.7616,31.81641791044776,24.01088270620187,185.4467202954357,2905.2336930496376
888f2b9999fffff,28833,100960.42773827912,960766137877.9464,38.68927727240169,17.5831883030299,210.7394911632312,1578.3868189290356
888f2b999bfffff,39233,136132.04888615853,1063794729579.4274,32.85153351306622,34.08102054517445,167.89460504607422,2128.189978611242
888f2b999dfffff,7152,29557.32361501292,345415907546.3276,106.06627516778524,27.123492689017603,2.9312542257550978,1890.236686443077
888f2b99b3fffff,2776,31079.950013056397,397069015645.4049,133.4456051873199,19.572856110069253,97.93839247319757,2596.2314474710947
888f2b99bdfffff,3133,25310.2721286,294266247954.4332,101.31567187998724,28.434013688117133,155.31349301541343,2971.9456357458703
888f2b99c1fffff,10808,50748.79549639359,415614525509.47095,78.9245029295937,27.36256480915792,26.35994974345001,1884.795093666372
888f2b99c3fffff,31166,120547.015603831,1006246396700.169,30.48321290539405,22.163254360656808,105.18807936275422,2481.261902211112
888f2b99c5fffff,13585,50891.56471638134,451308884087.73694,66.46337898138175,17.27115184399258,9.96093263740997,1797.1464491396102
888f2b99c7fffff,38651,107417.6069632457,1077553711730.0128,31.902782632074203,28.431463911855992,23.573549146506224,2347.995381857415
888f2b99c9fffff,2091,68696.29659235444,956920801480.2568,55.14634146341464,25.406154018075867,119.07698286047882,2195.8987300325043
888f2b99cbfffff,29689,52313.3221965466,409815582388.4643,55.59653216542217,30.446367834712788,39.8147262129181,2958.007994447305
888f2b99d1fffff,33522,67693.51214856537,579363245159.6027,42.0831803506995,25.403270022239862,170.26225447846744,2412.7909090447
888f2b99d3fffff,38288,142065.09684835904,1051872751793.8176,32.61165101700019,32.043630006370805,206.83949074117973,2024.259558130228
888f2b99d5fffff,14365,44964.446054823886,389745656356.0021,77.13728344737225,26.03813677548971,240.17600973272485,1671.1436773319
888f2b99d7fffff,21642,65806.47380297023,622315205272.7208,51.19514289803903,26.218759430707728,60.04507327344303,1726.870243102402
888f2b99d9fffff,35825,164211.49527994072,1318212384603.1511,25.20299358936658,32.533072053166904,50.244774677720926,1837.9753949268527
888f2b99dbfffff,35394,121682.6088534538,948605296252.0884,33.308579881656804,23.06965732424794,31.37035210032008,1876.449992010447
888f2b99ddfffff,46770,107971.92850870053,1430190085824.4983,21.67312453846488,17.680304569012815,190.92907486309105,2775.924086761707
888f2b99e1fffff,2796,15297.933265755551,163339003640.00497,168.53550512445096,15.57565352626678,211.9427179460704,2341.8341824237878
888f2b99e9fffff,28861,97665.75491128588,922772138300.7596,35.26332409389144,30.10274511347238,9.475843447692611,2285.08636706155
888f2b99ebfffff,17548,50918.37677187812,397024976436.89935,73.21364175563464,27.40619102706929,280.86367387310696,1672.1533078038262
888f2b99edfffff,444,124253.73755656109,1911128550411.4973,18.44369369369369,29.08159536198447,15.591385095441725,2790.2095400241524
888f2b9a07fffff,325,34416.379616827966,308035839366.6329,16.57846153846154,19.25928323017821,162.38890059032113,2584.221454812726
888f2b9a0dfffff,365,97087.23276283618,327238972425.69965,12.208219178082192,17.727429511735394,212.71815583527493,1601.5025428500023
888f2b9a21fffff,10705,65232.74142815138,709270235182.4133,40.28381837140961,15.29089331335764,261.2907371238257,2561.7526458446528
888f2b9a23fffff,19467,82143.23675321757,1123080699129.7202,49.92618277084296,22.011751176131938,214.22607963972837,2315.307326013969
888f2b9a25fffff,43142,159182.5982780112,2365641600132.7305,19.580229939551973,26.79835373709266,240.51842492093755,1622.5880186201673
888f2b9a27fffff,17748,64862.8889932383,566305474805.1539,64.67798518518518,22.84488090199465,101.8350577628418,2187.4509622929845
888f2b9a2dfffff,9959,304530.6841247035,3433751495027.3906,9.921277236670347,23.749498440474586,244.4475341239537,2227.0444306950703
888f2b9a33fffff,1979,48559.799301260566,183983638763.5609,43.81152097018696,33.08317388987497,24.034453915402544,1748.6618102449136
888f2b9a35fffff,48476,157357.82598551476,1134978706652.4883,32.730034664723675,21.965109340466007,268.4449968181583,2918.5472205004235
888f2b9a37fffff,167,305491.97101449274,3634540326063.196,3.508982035928144,25.27978978319621,164.27771284612086,2774.9630572209926
888f2b9a3bfffff,6607,115524.69180881191,375660864616.1006,24.408354775238383,30.67306025482286,245.1893309887481,2503.5335059936624
888f2b9a41fffff,351,34809.47305728871,178790497096.03574,31.13960113960114,22.930855646425403,135.69548535549004,2193.4433415009107
888f2b9a47fffff,6721,84885.05038567087,263444265054.14407,34.23597678916828,27.441734004557468,193.07330855895748,2117.648312376763
888f2b9a4dfffff,9162,90483.49737966062,331756038944.0264,34.09834097358655,32.2472741749349,157.92079828083396,2476.460200726431
888f2b9abdfffff,9323,42539.39268645771,353041407768.0682,70.95676943699732,33.990412473152844,219.4768565265996,2318.1478041103583
888f2b9ae5fffff,15739,52237.22529284151,145093166818.6294,42.62573540503847,17.941469618580758,24.488994609176878,1593.4096588228283
888f2b9b01fffff,21899,373202.4945340537,4174386107156.785,13.722453080049318,33.53175250322989,18.10562519716914,2268.753973155497
888f2b9b05fffff,5385,118557.9812371306,1428303217779.3137,29.96991643454039,24.84232586159077,74.13097020304393,2709.6054258492595
888f2b9b07fffff,9303,138270.90477860483,1949852941980.0903,28.280124690959905,20.164887765979167,47.8634040339565,2188.859816395437
888f2b9b11fffff,8816,34188.659834512095,293100221313.04535,82.76516403115411,24.182715124765224,261.5350699776605,1577.9348663314026
888f2b9b13fffff,9019,33615.050256751725,294276699417.9432,99.42786241920592,34.60065150570954,65.76419620741329,2679.41729907605
888f2b9b17fffff,8528,33154.741484402315,282362172214.1732,105.26151215341396,24.85236187985739,292.75957674573937,1802.045673203961
888f2b9b19fffff,7352,23826.545229967065,303514087375.76465,93.57603373231774,21.57503220575016,101.06873753133203,1887.9312523320584
888f2b9b1bfffff,77240,128677.02942923048,953620319163.9984,29.542707886074137,27.668017086334515,54.63537470660979,1747.059530148444
888f2b9b33fffff,31450,394734.4875258476,4821253254776.601,12.600890302066771,19.802912375563864,236.9095521427437,1995.3225973072465
888f2b9b3dfffff,5394,25248.300776790427,188831828877.50745,118.74131944444444,16.51726656217328,197.61233265026283,2635.1272585329525
888f2b9b49fffff,1085,24917.68054188113,137074361845.633,75.0700460829493,17.577594438212984,149.45871493594169,2279.078789255906
888f2b9b4bfffff,9758,40069.532237949126,504637307018.0381,94.18200450912072,17.56091677915545,166.60906528128936,1807.3219112260688
888f2b9b51fffff,27779,265578.0701332365,2393218372330.9326,15.657915086349744,18.03805387024589,215.76053348167915,2816.745117228061
888f2b9b53fffff,16682,599650.0156864459,11687688333148.793,3.743795707948687,17.776543452988204,68.53642239938962,2819.3727824272937
888f2b9b59fffff,10633,71723.83504151089,892199880934.9893,46.50474936518386,27.817494896064293,298.90017481702256,2805.86763756901
888f2b9b5bfffff,8671,30431.31084511221,428542046099.7914,63.97243685849383,18.637601687982897,292.4379486440349,1858.1943170723089
888f2b9b5dfffff,11807,53351.28617467838,486680761175.4744,59.28528164748637,21.913345666477262,195.09770590408107,2176.8590162714822
888f2bd42dfffff,2613,9578.998147019138,78131946745.39334,342.01436552274544,32.93576819812024,59.86273527874354,2977.4844842113125
888f2bd44dfffff,14241,424145.44354565296,5313202089420.963,12.952882522294782,24.47923280525745,204.0684727293874,2658.0187144649854
888f2bd469fffff,5450,303012.75738219894,1315013974266.49,6.30348623853211,28.351154770420543,21.659522693752752,1540.7511318383397
888f2bd507fffff,3493,576514.7598289419,2179610010129.581,3.120240480961924,18.4463974240326,9.19575066174182,1597.806886890738
888f2bd611fffff,18022,193648.5936087828,2111193342009.3037,32.01864387970259,18.845780376173416,77.3048665533641,2195.897065218499
888f2bd617fffff,1756,24251.589609860894,263245909084.5348,208.0381548974943,15.817372325329575,138.78688702179488,2863.8303087923405
888f2bd61bfffff,31417,102468.09599223202,759751781655.619,42.31672343324251,18.37870126144329,260.48175162251414,2308.0526969290718
888f2bd627fffff,36,163119.97826086957,329577812111.0468,8.666666666666666,20.57180678063917,218.1507209298924,2246.718762051435
888f2bd631fffff,585,46374.40862583488,946329631675.835,49.141880341880345,18.540209685534936,222.81195635999435,1658.210549934946
888f2bd6c9fffff,1926,10320.20917515925,103231051066.77087,327.6547743966422,16.774050675141112,127.6480003344226,2485.170157086441
888f2bd6cdfffff,480,75406.85673913044,574508158513.5848,30.18125,17.412717422012015,103.78049776408888,2733.1547409003383
888f2cb40bfffff,3387,140095.13308133936,848848933585.2511,9.31502804842043,24.215575360654515,111.3116288953808,2070.6300112613435
888f2cb461fffff,2903,179926.2452332372,1139662904504.1772,10.812263176024802,19.12667436811585,296.29486912081734,2663.417776387991
888f2cb465fffff,7183,80695.02204389092,1028986781600.8744,54.74564945009049,22.28539722096151,12.032757423744744,2946.7149808512177
888f2cb467fffff,782,147135.67357378185,962737416754.4938,15.765984654731458,25.068345417097134,260.10944883673454,1805.6496886915336
888f2cb541fffff,11979,31097.33139381903,339541007557.2621,77.40253592561285,28.807896572587307,173.60262257171803,2284.994446792112
888f2cb543fffff,23354,125405.236136669,1223072944378.9834,23.37438208145588,15.78624279682198,131.58462575687713,1930.7069371268635
888f2cb547fffff,8015,97018.92553488824,1399027354860.7893,22.874734872114782,30.988207978180853,217.57729812454096,2689.281628550759
888f2cb549fffff,9051,57441.40925453135,560301571311.6946,43.11049169361133,27.55800778981816,146.00068242741085,2366.3900488217364
888f2cb54bfffff,18373,130365.30241334676,1234224567730.5923,24.84324416425285,16.635180638977438,262.0269714244982,2451.873626325456
888f2cb551fffff,7170,112118.56958555414,1322832660012.752,40.34170153417016,32.47157248213554,270.2105592033776,2696.871239423841
888f2cb555fffff,9533,63371.56302681051,547467643926.97833,47.43718753324114,33.417448010636264,126.51627806203662,2093.9557089936825
888f2cb559fffff,11081,62743.43287342627,528714425634.83887,60.30847584337912,16.221559197097275,83.04833917051548,2872.635102610565
888f2cb55dfffff,27220,84733.66475064254,861453533382.7734,38.629735280693744,20.53755296294408,177.70509857800866,2299.54330086921
888f2cb723fffff,2474,64628.80919391524,772102707579.8972,39.7413096200485,31.124025595861227,273.7090036850073,1736.932234253022
888f2cb735fffff,19339,198345.8948740075,2907965006321.665,18.88106934174466,29.965193807673167,63.19865670169997,2543.848677253204
888f2cb73dfffff,12205,201977.31323970176,2855359406956.734,17.551577222449815,18.690420387127546,186.8899750690448,2689.892025657381
888f2d1449fffff,995,81784.42807484894,487950407067.2361,31.941708542713567,19.186986466734204,189.46806602775612,1975.14251560129
888f2d3a63fffff,7033,106553.35806871355,1272490285316.561,46.49367268590928,22.40944205582764,219.9339067245843,2785.7688854981297
888f2e058dfffff,2797,164148.32992678462,889586110006.9858,12.997139792634966,24.690459703820427,39.47030553817794,2859.21488214865
888f2e05a9fffff,3932,83268.19709486027,1108325587994.0862,47.76627670396745,27.36509543060592,214.74748940462655,1915.356731066713
888f2e05adfffff,4381,56743.339742988464,828380707426.068,49.67130792056608,22.37827279139545,272.7097561996923,2975.282209072833
888f2e05c1fffff,637,65911.34060228453,296014731195.4768,28.213500784929355,24.25069432266296,53.90493266107259,1711.0672920731377
888f2e05d9fffff,470,47679.99031196403,373288008243.7686,46.90212765957447,29.94941876267513,71.2629974771633,1803.0235026037349
888f2e05e1fffff,777,179874.72122986824,1027098694439.3528,9.812097812097813,15.733664057811955,291.4185282124919,1776.3372588570392
888f2e05e3fffff,2846,43246.124689393306,570735589713.7777,101.68060435699228,20.04873888688041,54.29308581284693,2840.984565011806
888f2e05e5fffff,3915,120125.18538905674,726958772136.1552,18.103448275862068,29.26699171769105,256.3155280108737,2481.438828487443
888f2e05e7fffff,4145,30316.20229706681,253529673612.1384,123.56769776876268,32.904136753743984,147.68335693441043,1728.1564248334091
888f2e05ebfffff,485,46579.8599079207,575277041678.5885,44.88865979381443,25.23354884231332,74.16932232095311,2160.4851275525234
888f2e0e83fffff,1248,83373.63561961324,514884837305.1102,23.141826923076923,25.642269705306312,261.2249703817534,2422.947037604703
888f2e0e89fffff,6676,76706.41317314288,939177992425.5328,62.582834032354704,17.14344022679552,133.59157650079965,1625.1961274840749
888f2e0e8bfffff,4805,45500.9028604849,684146306178.7609,79.2901144640999,23.94824733646909,154.44520617890706,2823.624552611008
888f2e0e9dfffff,5756,98800.9823389799,1356605776425.3152,38.3408617095205,25.652345329100463,107.77001081992972,2705.4053031623025
888f2e0ec3fffff,7097,42272.26016695715,591716589655.2998,98.57827250951108,19.849410072694592,177.88525543047822,2257.810160364957
888f2e0ed1fffff,17406,70617.27105674296,613901439270.8171,60.16895695865367,20.38486461898762,49.05716177550683,2950.689922888756
888f2e0ed3fffff,14756,149950.85741197373,2044479176526.202,31.974722146923284,22.545683262092453,117.3244609955282,2126.641468912649
888f2e0ed5fffff,5428,61393.73175866088,794016056278.9515,66.11274871039056,15.401423955554527,290.82369670058625,2976.165478554746
888f2e0ed7fffff,6355,80526.15806473471,1156090824353.6946,42.80015735641227,21.441583311663564,77.44002981033826,2501.8799982054406
888f2e0ed9fffff,4506,55988.00182048505,687868451186.721,83.16444740346205,19.22896013993089,197.02099936238767,2452.006909880912
888f2e0edbfffff,4970,73058.50326780634,983494467931.9916,55.95372233400403,21.54994704355829,97.55701926740846,1748.9323429436774
888f2e0eddfffff,22312,183597.96150830504,3061327987628.203,24.55548583721764,17.395242636385024,232.0419377059802,2822.8916374569662
888f2e3081fffff,3700,42182.32774951911,566383938909.4359,97.38567567567569,32.8105456147979,39.26209821550495,2141.234531880923
888f2e3089fffff,12953,194493.83678965463,2658482920347.0786,25.88465992434185,26.871849071080973,290.9463135235634,1743.350108673719
888f2e308bfffff,14801,87661.88075394515,826390696465.7649,46.08832271762208,28.582046382889796,136.13686241509177,1518.911279963639
888f2e308dfffff,9863,41993.21863733747,374889365630.4106,108.66115790596012,30.78342477214677,70.81513900393918,2339.633525457574
888f2e30c1fffff,4476,34451.39719070499,321034090267.9512,130.83150525087515,24.968843978581145,22.0490241990038,2291.0994331840147
888f2e30c3fffff,10664,104324.71123433436,1369160780850.086,51.519786196549134,16.738405761748474,50.92737152626222,2579.0304335537376
888f2e30c5fffff,3717,48333.573016335205,678396400375.6718,93.3976324993274,25.742130836370954,155.9321845668053,2835.387079526703
888f2e30c7fffff,2755,56047.34600829141,313140685412.0135,41.18911070780399,26.736822360417584,101.10095292938588,1619.1098769645444
888f2e30d5fffff,14322,118093.78577272112,1048260541864.7172,37.46786632390746,29.9087894836866,248.66500976478284,2597.2447355105437
888f2e364dfffff,57,1216123.9444444445,12675859392632.63,1.631578947368421,23.63319092459359,129.2662570985418,1781.117916146373
888f2e384dfffff,2048,183580.01080695077,920491121230.1742,11.2880859375,17.551606055911275,74.61428177628898,2787.2655797357456
888f2e3b4dfffff,799,20844.19552264377,128508280937.0266,67.6558197747184,20.67551811597449,185.143495981209,2728.5952707924844
888f2ea91dfffff,883,165888.40808922332,1310518661953.0803,9.431483578708947,22.2616459279727,212.0331650656337,2311.1906324783167
888f2eba57fffff,461,23657.39477546228,130061620941.64088,74.90672451193059,27.918344826632023,50.11257237028496,2565.3641979349677
888f72c461fffff,390,90822.08207229928,575378621924.0662,25.4,26.41556609337824,50.2857648864953,1971.5251697756223
888f72d647fffff,10682,84408.22953818944,830843991123.8212,61.14137931034482,22.121934517956923,11.001428080062892,2206.7518483992217
888f72d66dfffff,92,294376.6923076923,3563963322755.141,3.260869565217391,34.7303049758596,220.92060451969212,2732.4553465657077
888f766d93fffff,9140,69475.50674349396,667449406380.0576,61.15369649805447,27.115496387137743,199.14135828654156,2188.897795759821
888f769811fffff,5277,113827.91352694636,1752046573600.733,35.59579306424104,19.74453583471989,142.38926272494416,2036.6973979881627
888f769813fffff,326,120920.56839872748,869584609954.9338,15.46319018404908,17.035649452408073,253.25113469075916,2241.3186708754497
888f769815fffff,69,34392.85206508135,391118434798.7483,58.89855072463768,18.05718278368664,241.701045885016,2742.373878655828
888f76981bfffff,264,56225.46688642493,170915955976.00507,13.662878787878787,19.919154567690164,175.60630931902566,2002.8120710563087
888f769831fffff,330,45933.91823687752,294858951189.9817,28.06969696969697,18.213627465191117,260.4813841539776,1760.6423897036157
888f769833fffff,5056,121125.12824698612,1689528493392.9956,40.98496835443038,18.73134048102612,61.75236301103048,2568.021030496171
888f769835fffff,3175,389581.752663983,3098997227002.8374,6.320629921259843,20.70190337387694,33.575885819318366,2738.9673190621224
888f769837fffff,2216,64509.53036196403,1015728293400.1526,40.449909747292416,18.467471905895096,80.92488345509689,1650.9562177853
888f76983dfffff,876,31289.79190526364,193496879088.9588,50.84018264840183,32.935308492528506,17.126056826794457,1859.811169133917
888f7698a9fffff,297,15090.531833150384,73996174850.2079,86.89562289562289,16.604674913232845,159.3508584003096,1712.9579846414908
888f769927fffff,917,23217.08807887957,340738665564.4613,133.0577971646674,25.490227791405093,280.9817076884884,2021.9121173732497
888f769933fffff,4153,72994.33102178984,743704550899.2383,40.58998748435545,23.20793653979323,11.803062200552894,2175.526468358119
888f769937fffff,4200,32687.502806625,453401000280.26807,122.95285714285714,34.647572338172125,36.63297420300804,2623.23950544496
888f769955fffff,164,76558.13891050583,393997160865.9144,16.670731707317074,17.240778043361047,135.6597084850306,2476.721377322511
888f769981fffff,10517,53847.82755753973,404300779131.6637,100.0209544816523,22.95711198091483,280.1625052583715,2431.3928512176467
888f769985fffff,13513,76628.4433068954,598258738167.1829,61.972696245733786,34.389408665507375,94.84683149302516,2028.5624199144816
888f769987fffff,3260,227399.71823811796,1056755190349.5116,9.374233128834357,32.310142517879605,152.17044260651772,2762.17132962714
888f769989fffff,16727,93760.9785915498,750131409585.6392,49.41460815047022,31.3414414189856,12.471857715117627,2206.9307510972467
888f76998dfffff,20285,101825.92654923353,917020781072.9424,43.39727151502719,20.1580565408988,44.50296028862666,2968.657407022732
888f7699a1fffff,16474,77899.57391449972,640430653016.46,61.41550456389452,18.417751747801315,295.9890368876541,2451.2132074436054
888f7699a3fffff,11434,196802.88746456397,2240719481892.9507,25.306017141857616,28.37286439848862,289.5356089308137,1689.397112346754
888f7699a5fffff,23631,115736.8699945569,1429754850568.659,25.217761084488192,33.58751978255172,1.4819942803228847,2514.266343113151
888f7699a7fffff,6539,213885.91455230268,2335999025405.522,10.83376663098333,26.1352578602786,285.5435356269717,1987.6560231475485
888f7699a9fffff,21466,100497.63768310232,984388883459.096,40.7962183834084,26.432253789398,191.7359813446501,2529.4907950291463
888f7699abfffff,18597,150429.15895146318,1966258966949.016,33.47179652632145,20.599581873205683,260.37548835600666,1604.4617222436086
888f7699adfffff,29171,100010.05456556882,981014472229.1204,39.83172477652338,30.389858663838737,136.42195669015774,1762.322155763939
888f7699c3fffff,7616,79688.00677242373,1112249185879.9128,48.17371323529412,18.74087497115047,154.6788085737751,2783.6058883586797
888f7699c5fffff,18571,119208.588559776,1123711230414.1338,32.34613209681068,21.473584728084877,146.65397407707604,1840.7693355352724
888f7699c7fffff,12769,95645.728784739,1319117639370.833,45.86146135171118,23.508728772328336,200.0592772638313,2755.56168786441
888f7699cbfffff,3485,94844.53650892003,374164097944.0513,20.935916997253585,25.1522075736891,41.89537642689387,1918.914132681616
888f7699d9fffff,824,81133.79065188102,554160878759.8936,24.441747572815533,19.848194648301604,8.992076961803386,2464.322865088061
888f7699ddfffff,4822,19269.885937447663,179033425729.20908,140.89449348465743,17.29673649478407,92.37898247735728,2541.225860264746
888f7699e1fffff,18700,98329.41111384332,893297076701.8147,37.56882432129235,27.21240084883265,211.404228820994,2268.9821297175795
888f7699e3fffff,17640,105819.14406103682,1027664521822.7772,36.89123123123123,20.772611064805115,60.55603563688451,1957.9660150450968
888f7699e5fffff,24792,118322.8548849653,1070287179264.8606,31.19800374298191,26.624764428452245,202.0297299974752,1818.966564556644
888f7699e7fffff,40357,76057.31360637299,629643476617.411,44.8556326833404,18.087254305484045,290.9736138321811,1549.7840318436392
888f7699e9fffff,8854,52788.618166167726,487647810119.51086,67.13391506689936,24.62280203709635,28.17021473682552,1955.9196018610855
888f7699ebfffff,22213,177402.2129031344,2468334706051.67,26.42574168279836,25.651788651031715,201.78063546753788,2479.7441857969243
888f7699edfffff,10449,38793.25318975273,532005415461.1037,56.0618020793223,16.03647073644854,133.12506579137136,2907.457227672724
888f769aa1fffff,7406,221671.62949209168,2623167798706.327,22.74493653794221,21.73208556387841,260.4426763132516,2806.806723394578
888f769aa7fffff,1579,132144.20031357915,1641599438803.4026,32.9119696010133,17.688293538779483,53.14493683421577,2649.0971648029536
888f76d613fffff,1836,64633.3354298518,800791014697.7413,42.56699346405229,16.267499409455354,207.78778566784936,2682.671014879948
888f76d617fffff,4994,97900.78372708157,1384095008670.4473,40.91549859831798,34.7992046477989,251.43458689443307,2497.4773552139927
888f76d639fffff,2102,141302.77532299122,1003004620978.4888,10.907706945765938,21.44707689949446,283.38426584220696,1890.4302863490043
888f76d681fffff,5580,35158.948310008986,334659648414.7362,79.3416992005949,31.1974889170927,204.9744084868937,2860.792546058745
888f76d683fffff,14909,70640.1605104459,938833302403.5612,33.23809523809524,20.092813095275275,149.1524292025282,2506.098467858751
888f76d685fffff,815,73548.5343924431,681888555808.5349,15.38282208588957,28.630054444478585,185.35417206036416,2340.66094647066
888f76d687fffff,5761,89895.95510343993,1333664897042.208,44.060406179482726,30.204557197793733,260.67149534361545,1666.4842038202216
888f76d689fffff,3334,55069.21230268997,415911914442.28186,37.29784043191362,26.912774812156886,171.1829239916489,2170.583315709638
888f76d68bfffff,22994,115850.11877354674,1160667718984.4275,33.93004394907344,24.431523771003167,9.116117909051058,2190.5374068028896
888f76d68dfffff,2115,159488.7698223697,832350877836.6423,13.12340425531915,23.23681828294537,279.2846086520933,2796.845414284005
888f76d691fffff,778,33015.93966812461,192511632907.60187,39.4974293059126,21.977365330859904,206.85802530946836,2319.972330281683
888f76d695fffff,2540,168691.0643993072,793713137932.5038,13.501968503937007,33.59058288495652,202.95401573317395,2070.6008234556143
888f76d699fffff,13680,91995.62194320084,800392595591.1282,49.11236813942822,31.612388155754584,64.70254571931515,2965.200492765989
888f76d69bfffff,876,413280.7260432767,2254298473111.658,3.954337899543379,34.300538213330256,197.66564106979715,1666.0808899894737
888f76d69dfffff,13294,51357.59782380595,429201241788.56384,79.96985604072218,17.485944469710894,118.15932169624756,2133.822642467917
888f76d6a1fffff,1181,81741.87627718363,438833888480.3784,22.29805249788315,29.617349504072884,195.3698931124476,1563.037012757108
888f76d6a3fffff,410,62688.29056203605,368686831766.0021,8.06829268292683,33.76680913642076,31.977909092397216,2609.8561811503955
888f76d6a7fffff,84,95944.69392033544,256296105240.5068,12.36904761904762,18.6246613233132,197.3535913809108,2877.114828298726
888f76d6a9fffff,430,15936.578472369258,89995700552.73424,89.20232558139534,16.32992534733555,299.8241177312,1920.0559943257344
888f76d6abfffff,2442,135969.4729995754,882779734251.4263,11.608927108927109,29.82241298580118,14.463611658166808,2787.5125151986813
888f76d6b1fffff,10478,217062.55840658752,2758772001671.632,20.58837564420691,26.48946226359824,293.1522552663952,1938.3273456928464
888f76d6b9fffff,20074,100160.68293574265,910330188613.5652,39.675445513325975,31.83657553516544,122.0723882168612,2866.155242465873
888f76d6bdfffff,1981,36503.35724197967,445211212070.70605,99.58051489146897,17.79544753252579,261.22603510117773,2630.942855395176
888f76d6c1fffff,6324,84740.04132223861,1100765888714.737,52.9753320683112,30.905346237197804,234.71564521748203,2707.3601652621583
888f76d6c3fffff,10578,53619.97370732312,797627098155.1825,75.7006050293061,19.03254640095489,170.10487829600035,1527.0098334006818
888f76d6c5fffff,6924,159394.4503773585,2111868315299.1536,24.7420566146736,18.27311885731409,221.53476277539795,2944.215535611039
888f76d6c9fffff,3359,48572.63300113359,616919485702.2714,81.62697231318845,18.285315958619854,263.55466839040434,2590.006488105485
888f76d6cbfffff,3299,55594.02462345788,799295310711.1769,61.07547741739921,31.29149440462764,121.2420964953099,1957.1266430792
888f76d6cdfffff,2094,39937.55591128918,343990668831.73096,103.7352798053528,28.303944413924,98.1099484689716,2744.0919972882702
888f76d6d1fffff,21850,114660.8281984037,963024147628.0378,39.462857142857146,25.461308495382383,200.27801566907544,1922.281797622395
888f76d6d3fffff,13764,86492.46757709316,825209618962.762,41.82100898410504,22.17660968247005,242.3537825823776,2809.130759349192
888f76d6d5fffff,24363,117522.42489353562,1345123015556.5972,26.819938111566447,32.544010816262166,228.68554043298477,1668.8705856179056
888f76d6d7fffff,12531,105961.29416122728,1316459118782.126,32.75389035192722,22.84890214845271,239.34409465759035,2555.528966191194
888f76d6d9fffff,14709,75627.01556885839,687741704376.561,48.45731750657474,31.33198878943154,130.6749944438799,2311.0477149673657
888f76d6dbfffff,29497,109839.65128838224,1177096668543.2168,31.692212956120905,23.78269817140437,245.35026485250648,1644.8017052931611
888f76d6ddfffff,22753,75973.75086412473,658941568758.067,57.27808871825709,22.538888588498157,36.06271661118253,1862.8407423882584
888f76d6ebfffff,2651,182196.7986060694,1330206510231.334,8.794039984911354,24.25359571339213,163.34672938825486,1518.6060544159725
888f76d6edfffff,954,65219.21623834433,260946034066.9148,24.143605870020963,21.02755748328284,1.7275981494364712,2203.151948196759
