hex_id,cost_of_living,mobility_density,avg_time_in_hex,time_in_hex_variance,avg_visits_per_device,avg_temperature,rainfall_mm,sunshine_hours
8866d338abfffff,0.3728535290352341,36355.0,179265.04962998134,1933248719902.292,17.146390451050156,28.92059593349946,133.80173188738672,2600.4215708421034
8866d331b1fffff,0.4244936772878913,4229.4,48261.87484903232,387168394364.5293,69.70555011395601,25.485340911525448,199.691096611452,2279.5210553113156
888f2e3b4dfffff,0.4148148148148148,799.0,20844.19552264377,128508280937.0266,67.6558197747184,20.67551811597449,185.143495981209,2728.5952707924844
888f2b9ae5fffff,0.6872045964674307,15739.0,52237.22529284151,145093166818.6294,42.62573540503847,17.941469618580758,24.48899460917688,1593.4096588228283
8866d32363fffff,0.4824819781099361,496.0,11810.303724347606,36228798562.19458,81.08870967741936,18.22442574508009,269.4162868322141,2367.580375509613
8866d33337fffff,0.4286310377728372,1982.0,40170.531862602526,229199300926.0103,35.694248234106965,26.53807769252718,9.3549405183854,1586.67084149455
888f2b9a3dfffff,0.4971851172815966,4229.4,48261.87484903232,387168394364.5293,69.70555011395601,25.485340911525448,199.691096611452,2279.5210553113156
8866d33ad9fffff,0.4771381299282104,445.0,29999.606323479056,269894256829.52023,60.08764044943821,29.073157187600472,284.9883551850676,1682.0796272391096
888f0d9133fffff,0.8973880597014926,2637.0,115160.2946131963,520288921899.83417,21.72810011376564,27.865764368847064,278.3256849585639,1861.039067748757
888f2a7455fffff,1.0,4229.4,48261.87484903232,387168394364.5293,69.70555011395601,25.485340911525448,199.691096611452,2279.5210553113156
8866d33195fffff,0.5649387072429478,4229.4,48261.87484903232,387168394364.5293,69.70555011395601,25.485340911525448,199.691096611452,2279.5210553113156
888f2bd627fffff,0.2555023923444976,36.0,163119.97826086957,329577812111.0468,8.666666666666666,20.57180678063917,218.1507209298924,2246.718762051435
8866d32a41fffff,0.291964121810431,26881.0,171699.66464821645,2509407062602.821,26.44191064320524,33.858194078250385,214.79166865421925,2336.6751260550373
888f2cb549fffff,0.6701743197278912,9051.0,57441.40925453135,560301571311.6946,43.11049169361133,27.55800778981816,146.00068242741085,2366.3900488217364
8866d30499fffff,0.3793742903570142,1262.0,106683.79490544192,1006991912069.5308,21.533280507131536,34.39819704323989,100.47168439712584,2502.3191978325244
888f2a3b4bfffff,0.589980887488159,4229.4,48261.87484903232,387168394364.5293,69.70555011395601,25.485340911525448,199.691096611452,2279.5210553113156
8866d32133fffff,0.3420130754611319,7289.0,138262.83562918528,621875337734.661,17.642063383180133,34.31264066149119,68.77541856979245,1865.223444864449
8866d331a7fffff,0.5463989230424053,101.0,98569.78025477708,821922664293.7283,7.217821782178218,16.87349535656185,86.60812103120996,2461.239472035309
888f76d6d7fffff,0.5868245176930462,12531.0,105961.29416122728,1316459118782.126,32.75389035192722,22.84890214845271,239.34409465759035,2555.528966191194
888f2b4353fffff,0.3487129062070819,1074.0,55445.52616208323,333059105246.6622,23.95810055865922,22.52519171061832,20.20518044063151,2340.9901416242565
888f72c461fffff,0.3661971830985915,390.0,90822.08207229928,575378621924.0662,25.4,26.41556609337824,50.2857648864953,1971.5251697756223
888f2bd6cbfffff,0.3533153289163619,4229.4,48261.87484903232,387168394364.5293,69.70555011395601,25.485340911525448,199.691096611452,2279.5210553113156
8866d338b5fffff,0.2554337188930633,34348.0,89440.00380989908,798825384106.998,44.33396329939645,27.3001445339834,261.8837507629225,2124.230997269642
888f0d9167fffff,0.9756223344556676,6189.0,73478.29435772132,906263321567.5518,61.57893036031669,22.722052756015486,227.47154271122736,2468.716218982809
8866d32225fffff,0.3693870445348031,1650.0,46739.01314290721,210134988515.8555,49.44787878787879,16.480893034681806,100.55917249377028,1855.3058384617232
8866d3313dfffff,0.2673011254589749,216.0,143144.53303471443,1362891083393.0576,5.138888888888889,32.741728485302346,82.2165662061618,2461.458116017998
8866d32165fffff,0.2616558223019969,4614.0,23826.793493316327,186500256757.71136,136.67059870910305,33.186408041575646,272.5351684000885,1960.93494738943
8866d32a83fffff,0.3079521287961661,1074.0,115448.17652139252,592148639933.3766,15.057728119180632,19.79123781333945,119.15505888553643,1851.9631227831803
888f0d9123fffff,0.4378246753246753,19077.0,100980.88307970416,815390002089.7294,47.3592034861272,16.411374948008596,66.14586272105261,2892.1254604890746
8866d338a7fffff,0.3917841189548616,25757.0,83575.25325708865,831174602582.8599,41.008635715417526,26.136025249167005,41.04558927568842,2121.1946287933906
888f2a1625fffff,0.5536363636363636,1434.0,27481.469771054468,89670546175.42012,56.30486944248412,29.0193826291824,32.094191648087524,2118.932761272936
888f2b99c3fffff,0.348376332989336,31166.0,120547.015603831,1006246396700.169,30.48321290539405,22.163254360656808,105.18807936275422,2481.261902211112
888f2a8db9fffff,0.609,4229.4,48261.87484903232,387168394364.5293,69.70555011395601,25.485340911525448,199.691096611452,2279.5210553113156
8866d32a47fffff,0.2313746817414716,21217.0,98733.96093120976,1423574401491.418,40.57317245604939,29.06037917790356,66.59164857988483,1590.2135139011775
8866d33a3bfffff,0.3610241452512038,6822.0,30910.68366834909,331843007122.8284,85.86733936785873,30.399871061972217,19.60690223968271,1557.6395234434874
8866d338cbfffff,0.5281418450764536,47388.0,188369.9199760353,1683166985238.4268,25.416788239254853,31.187223109570272,283.217801905984,2963.810632365081
888f2b9a4bfffff,0.3625828116849244,4229.4,48261.87484903232,387168394364.5293,69.70555011395601,25.485340911525448,199.691096611452,2279.5210553113156
888f2b9b4bfffff,0.2478716744913928,9758.0,40069.532237949126,504637307018.0381,94.18200450912072,17.56091677915545,166.60906528128936,1807.3219112260688
888f2b9819fffff,0.5643768624566127,275.0,247038.85529715763,2323349358056.648,10.865454545454543,25.554022181726,24.71431368475281,2454.266047062349
8866d3224bfffff,0.1723850123401391,2007.0,96221.89816213494,409130037159.8326,20.796711509716,16.27116700572047,275.95668492382816,1643.3029707520022
888f76d685fffff,0.3466666666666666,815.0,73548.5343924431,681888555808.5349,15.38282208588957,28.630054444478585,185.35417206036416,2340.66094647066
8866d33365fffff,0.2980774712969067,4229.4,48261.87484903232,387168394364.5293,69.70555011395601,25.485340911525448,199.691096611452,2279.5210553113156
888f2cb461fffff,0.6282987575195368,2903.0,179926.2452332372,1139662904504.1772,10.812263176024802,19.12667436811585,296.29486912081734,2663.417776387991
888f769989fffff,0.6977059138262046,16727.0,93760.9785915498,750131409585.6392,49.41460815047022,31.3414414189856,12.471857715117627,2206.9307510972467
888f76d6c7fffff,0.6618718179095537,4229.4,48261.87484903232,387168394364.5293,69.70555011395601,25.485340911525448,199.691096611452,2279.5210553113156
888f2bd613fffff,0.3259661499427581,4229.4,48261.87484903232,387168394364.5293,69.70555011395601,25.485340911525448,199.691096611452,2279.5210553113156
8866d32139fffff,0.2399316638818501,2380.0,56659.729668997,466328242639.1466,24.56512605042017,16.95344228012768,192.3442898655892,2901.6540402082715
888f28648dfffff,0.1894609033511413,2150.0,147888.77673478553,682561117504.6777,11.608837209302326,30.012295032817168,217.02603410657548,2258.779039427744
888f2b9805fffff,0.3646702385610608,31615.0,73233.94827037636,724836764156.7981,44.63774204135215,22.49741159047408,133.7708119130245,2151.029049260813
8866d33ab5fffff,0.6172762599247554,43103.0,244012.2445270329,2563242981557.3525,16.93723211042499,34.097305613263885,71.6331437304907,1761.1640030011265
888f2b4225fffff,1.0,4229.4,48261.87484903232,387168394364.5293,69.70555011395601,25.485340911525448,199.691096611452,2279.5210553113156
8866d33ab7fffff,0.5729302789054137,64286.0,136730.06225206467,954444988787.258,35.71520416087263,29.75793833391537,33.1422339394184,1647.593474570096
888f7699a7fffff,0.9066666666666666,6539.0,213885.91455230268,2335999025405.522,10.83376663098333,26.1352578602786,285.5435356269717,1987.6560231475485
8866d3388dfffff,0.3002352565540809,22612.0,70968.7494782628,703500376108.6047,45.30831708901884,23.563682966346285,73.92060997173205,1959.3804311799167
888f2b9863fffff,0.3078809761869638,26291.0,119804.702679874,949194499325.1084,41.77201616452607,25.72192732688241,253.4349684350663,1620.902270635687
8866d3376dfffff,0.4504834817251022,619.0,50094.4155988858,304493484783.3957,32.91276252019386,15.486319328629076,179.05285467506675,1682.0774091336434
888f2865c5fffff,0.2155615898782525,4687.0,59656.003404233925,258772603433.3421,43.63964156176659,30.0474905887536,38.66096024203356,1552.9670324103586
8866d33165fffff,0.3161835478313009,34027.0,125183.75860158664,991764667147.3776,39.354396709040856,29.24358442695072,155.67531158485127,2944.6726673837607
8866d32169fffff,0.404027372672201,24440.0,519439.1789844901,6117447884410.263,12.035433715220949,28.25044568707964,120.25542502909197,2308.7419150128817
8866d33acdfffff,0.3440663069904919,20451.0,70858.25208781616,655058839645.423,61.55081237710856,15.920052840435057,115.2979941479045,2436.995353281396
888f2865c9fffff,0.289612676056338,4229.4,48261.87484903232,387168394364.5293,69.70555011395601,25.485340911525448,199.691096611452,2279.5210553113156
888f2b9a45fffff,0.5482999004125764,4229.4,48261.87484903232,387168394364.5293,69.70555011395601,25.485340911525448,199.691096611452,2279.5210553113156
8866d33acbfffff,0.3526334840884021,21308.0,47386.920011266935,554775301106.1284,62.492015725865166,17.321452810138325,128.3319401207587,2653.8347217572004
8866d32ac7fffff,0.2193291451649091,645.0,10830.638829148396,60621396384.65388,167.61550387596898,22.355662654385064,54.4306305269392,1633.6866481740249
888f76d6cdfffff,0.6212836438923396,2094.0,39937.55591128918,343990668831.73096,103.7352798053528,28.303944413924,98.1099484689716,2744.0919972882702
8866d32137fffff,0.8005808910680803,800.0,37662.97292569579,214906930731.1042,48.8775,21.092275383467413,216.0109609638223,1590.4010854343412
8866d32111fffff,0.2656049620348831,1391.0,165639.27677988244,560285871118.996,9.834651329978431,30.70351922786028,263.02969102852484,2647.3248923131923
888f2864edfffff,0.3152246814218645,1647.0,99762.3771970982,495090921044.6274,17.823315118397087,32.16825503686024,144.1759731979944,2533.327953075136
888f2e0ed5fffff,0.9395468887623166,5428.0,61393.73175866088,794016056278.9515,66.11274871039056,15.401423955554527,290.82369670058625,2976.165478554746
888f2bd631fffff,0.4179029411150279,585.0,46374.40862583488,946329631675.835,49.141880341880345,18.540209685534936,222.81195635999435,1658.210549934946
8866d33a1dfffff,0.338993578972535,15415.0,50498.908161847394,591136435793.5645,56.37698568990416,22.20381282822526,208.88663276344192,2156.404686083088
888f2b99d5fffff,0.1973684210526315,14365.0,44964.446054823886,389745656356.0021,77.13728344737225,26.03813677548971,240.17600973272485,1671.1436773319
888f76983dfffff,0.8,876.0,31289.79190526364,193496879088.9588,50.84018264840183,32.935308492528506,17.126056826794457,1859.811169133917
888f2865c1fffff,0.2482394366197183,4229.4,48261.87484903232,387168394364.5293,69.70555011395601,25.485340911525448,199.691096611452,2279.5210553113156
888f288991fffff,0.7924528301886793,4229.4,48261.87484903232,387168394364.5293,69.70555011395601,25.485340911525448,199.691096611452,2279.5210553113156
8866d32f49fffff,0.2678124298855733,874.0,23805.90838937819,156901373472.97562,70.24256292906179,27.903455808189,88.3397278625753,2095.472275611425
8866d3312bfffff,0.3879264116018723,8606.0,46142.002881373526,411713148774.5072,57.623636363636365,33.00836114326661,51.50378575449105,1621.3789245768785
8866d33a85fffff,0.4033120122959093,50012.0,143228.86598872408,1185943987357.0342,32.22733624454148,20.41664502524149,158.68114020816358,2520.34166881253
888f2b986bfffff,0.3379355902224183,11641.0,49785.298657406194,497868727275.44586,57.56549969290164,18.252338786897827,9.757853847375577,2594.262342978596
888f2990ebfffff,1.0,20854.0,93328.0553008153,1025399900410.9554,38.65446018758731,17.859833641056717,189.5440581050005,2172.9159464318136
8866d322c1fffff,0.3469516796867032,1536.0,42297.33183440051,200201159141.68143,27.77083333333333,17.391884918766035,42.25710611393996,1825.109700136164
8866d3b23dfffff,0.9,4229.4,48261.87484903232,387168394364.5293,69.70555011395601,25.485340911525448,199.691096611452,2279.5210553113156
888f769981fffff,0.4555442660705819,10517.0,53847.82755753973,404300779131.6637,100.0209544816523,22.95711198091483,280.1625052583715,2431.3928512176467
888f2864a7fffff,0.2934131671750935,4229.4,48261.87484903232,387168394364.5293,69.70555011395601,25.485340911525448,199.691096611452,2279.5210553113156
8866d331b9fffff,0.4153552370575166,4229.4,48261.87484903232,387168394364.5293,69.70555011395601,25.485340911525448,199.691096611452,2279.5210553113156
888f2865e3fffff,0.4255533199195171,4229.4,48261.87484903232,387168394364.5293,69.70555011395601,25.485340911525448,199.691096611452,2279.5210553113156
8866d32161fffff,0.320924656502098,27793.0,182712.24798754693,1819668983924.8784,24.233079369775872,24.903538202225405,103.70879805117583,1885.164851580762
888f769815fffff,0.4266666666666666,69.0,34392.85206508135,391118434798.7483,58.89855072463768,18.05718278368664,241.701045885016,2742.373878655828
888f2b995dfffff,0.3064032304190164,10103.0,153939.98808784896,1736258481307.022,28.742749678313373,34.93273674147811,144.15208417734868,2021.014989388264
8866d30497fffff,0.3924837334529953,4430.0,16188.093663539685,117768072728.58723,248.37168549688724,15.411689885916047,188.31241592142536,2405.172890072067
888f76998dfffff,0.6685714285714285,20285.0,101825.92654923353,917020781072.9424,43.39727151502719,20.1580565408988,44.50296028862666,2968.657407022732
888f76d681fffff,0.5354770628694222,5580.0,35158.948310008986,334659648414.7362,79.3416992005949,31.1974889170927,204.9744084868937,2860.792546058745
888f2e05adfffff,0.4295112270608959,4381.0,56743.339742988464,828380707426.068,49.67130792056608,22.37827279139545,272.7097561996923,2975.282209072833
888f2864a5fffff,0.3342440335848567,8071.0,68805.5755737014,235607245899.2484,27.04163052905464,31.13669478534528,148.76272052363123,2761.0545420168
8866d32201fffff,0.3614129108479378,880.0,108449.42197736748,645788347471.3862,16.3,31.043939615080795,33.971413752226574,2402.4177302194967
8866d32315fffff,0.3178205265776356,2325.0,36701.234007761326,134855959380.13287,27.29649207111965,15.508382534881903,3.928336976500091,2391.7145027792594
8866d32a2dfffff,0.1673827686784833,22499.0,137992.45935119395,1840230123134.1047,30.153073469932,19.442156209414605,122.62025132942892,2504.230432797285
8866d32887fffff,1.0,743.0,43802.86667797185,187814007292.99512,40.790040376850605,32.92182599846986,132.22882408146845,2278.5896863624057
8866d331b7fffff,0.5016282186512926,4229.4,48261.87484903232,387168394364.5293,69.70555011395601,25.485340911525448,199.691096611452,2279.5210553113156
8866d338a9fffff,0.5211805112096788,22006.0,158039.08702967322,1407579807569.9634,21.68208313425705,33.723095483215616,285.07120614624074,2741.306843350312
8866d33325fffff,0.362533820993333,3710.0,144658.81272524735,761891757141.1787,13.34366576819407,22.861954493335208,142.8151206597299,1592.0244406660022
888f76d6c9fffff,0.524864830397096,3359.0,48572.63300113359,616919485702.2714,81.62697231318845,18.28531595861985,263.55466839040434,2590.006488105485
8866d330a1fffff,0.4779818790736108,4229.4,48261.87484903232,387168394364.5293,69.70555011395601,25.485340911525448,199.691096611452,2279.5210553113156
8866d321bdfffff,0.3010411462630413,2398.0,201296.23404817472,911590342423.898,10.689741451209342,15.90454577821076,212.1715902940196,2350.968329443356
8866d32129fffff,0.3451488928392675,4229.4,48261.87484903232,387168394364.5293,69.70555011395601,25.485340911525448,199.691096611452,2279.5210553113156
888f2b9853fffff,0.6398411072605799,4229.4,48261.87484903232,387168394364.5293,69.70555011395601,25.485340911525448,199.691096611452,2279.5210553113156
888f769aa3fffff,0.6340583554376658,4229.4,48261.87484903232,387168394364.5293,69.70555011395601,25.485340911525448,199.691096611452,2279.5210553113156
888f2865adfffff,0.2265943634781663,839.0,14118.023069977427,83055685673.58696,159.51728247914184,26.46875776246572,225.8149918672924,1782.0371019231245
8866d3336dfffff,0.1863299599683525,773.0,17084.827701752456,55142218621.20857,106.8654592496766,20.61544724881712,148.9098741603709,1713.3740530307944
888f2b9915fffff,0.4790026999753265,4229.4,48261.87484903232,387168394364.5293,69.70555011395601,25.485340911525448,199.691096611452,2279.5210553113156
8866d32261fffff,0.4262266788629813,1822.0,53790.56511039357,342681692174.37854,32.44731064763996,21.503666440534943,104.0859605688683,2177.651518105844
8866d304dbfffff,0.296446006505133,2634.0,207400.01893278604,1014317348850.8992,8.420273348519363,19.246782213565524,238.2075567810888,2195.2410657008586
8866d33a97fffff,0.4495860443879844,4229.4,48261.87484903232,387168394364.5293,69.70555011395601,25.485340911525448,199.691096611452,2279.5210553113156
888f2b9959fffff,0.3182615834303003,20662.0,275964.6846139972,2519559904933.8,14.756602286164762,31.258020182601552,233.95529666800493,2298.631023412826
888f2e0e9dfffff,0.8064384003546868,5756.0,98800.9823389799,1356605776425.3152,38.3408617095205,25.652345329100463,107.77001081992972,2705.4053031623025
888f2b990bfffff,0.2526315789473684,4229.4,48261.87484903232,387168394364.5293,69.70555011395601,25.485340911525448,199.691096611452,2279.5210553113156
888f2865b7fffff,0.7506897052417598,28252.0,155959.4858673879,1170661327015.4922,29.036259685548785,20.86421543396129,261.5530583235696,2331.339771198025
888f2a8d87fffff,0.4978333333333333,1471.0,92967.9212911021,604367825353.1124,16.75798776342624,31.25599134515005,206.365716690244,2463.4882888578413
8866d331a5fffff,0.2659824704886116,4229.4,48261.87484903232,387168394364.5293,69.70555011395601,25.485340911525448,199.691096611452,2279.5210553113156
8866d32365fffff,0.465947716861838,4229.4,48261.87484903232,387168394364.5293,69.70555011395601,25.485340911525448,199.691096611452,2279.5210553113156
8866d321c5fffff,0.2643937367321931,200.0,10073.343415063868,46381726692.22839,103.195,22.77354579378964,172.88650805004394,2944.3903128563697
888f769aa1fffff,0.4603150881888959,7406.0,221671.62949209168,2623167798706.327,22.74493653794221,21.73208556387841,260.4426763132516,2806.806723394578
888f2e05e5fffff,0.5634920634920635,3915.0,120125.18538905674,726958772136.1552,18.103448275862068,29.26699171769105,256.3155280108737,2481.438828487443
888f286517fffff,0.29640529745638,4229.4,48261.87484903232,387168394364.5293,69.70555011395601,25.485340911525448,199.691096611452,2279.5210553113156
888f2cb6b5fffff,0.7627551020408163,4229.4,48261.87484903232,387168394364.5293,69.70555011395601,25.485340911525448,199.691096611452,2279.5210553113156
8866d30493fffff,0.3041429007201838,5433.0,19666.202718035413,160983928147.50104,176.3879916397492,27.022300234864176,35.06941221250922,1840.904440894728
888f0d9a11fffff,0.3541666666666667,1464.0,27478.374616757737,455231494409.5649,101.34699453551912,16.38722601750331,67.3321715509982,2769.7715080354174
888f76d6d3fffff,0.6396878725697638,13764.0,86492.46757709316,825209618962.762,41.82100898410504,22.17660968247005,242.3537825823776,2809.130759349192
8866d32a9bfffff,0.2656868041706632,2389.0,103930.69841993316,711385151706.3707,17.54416073670992,28.44271094811757,3.9005770532208106,2309.9356954208392
8866d3230bfffff,0.4755912898279847,2326.0,75322.02608153314,300733384269.668,31.33748925193465,25.45465658763988,174.17650508341305,1847.9206441739632
8866d32343fffff,0.5441438154702918,4271.0,35951.487480321826,86841235282.56482,47.37696089908687,25.171413823294056,124.38723711810712,2106.4781521564382
8866d33a07fffff,0.3004403167621921,4289.0,53370.87586449376,757881665280.9172,63.357425973420376,16.87963879681738,142.26426499723914,2214.0271940531497
888f72d66dfffff,0.4958920187793428,92.0,294376.6923076923,3563963322755.141,3.260869565217391,34.7303049758596,220.9206045196921,2732.455346565708
8866d338cdfffff,0.4378213599925685,26903.0,103847.4809473226,1109014024256.7007,34.92864462747182,31.202267893583617,11.82804341055177,2702.3056678244843
888f2b99c7fffff,0.1973684210526315,38651.0,107417.6069632457,1077553711730.0128,31.902782632074203,28.431463911855992,23.573549146506224,2347.995381857415
888f2b835bfffff,0.2589769666463287,4229.4,48261.87484903232,387168394364.5293,69.70555011395601,25.485340911525448,199.691096611452,2279.5210553113156
888f2a766dfffff,0.7318615988657159,4229.4,48261.87484903232,387168394364.5293,69.70555011395601,25.485340911525448,199.691096611452,2279.5210553113156
8866d14d05fffff,0.3181818181818182,12457.0,183315.3638759634,2654127349701.9927,25.641486714297184,22.49080237694725,224.28281405287527,1986.8787448504047
8866d32267fffff,0.2897497169926775,1310.0,25746.19768448388,147407417484.5661,92.75496183206108,27.751149427104263,135.66538226694215,1752.0213116172952
888f769817fffff,0.5007407407407407,4229.4,48261.87484903232,387168394364.5293,69.70555011395601,25.485340911525448,199.691096611452,2279.5210553113156
8866d32229fffff,0.4085282659520463,1851.0,52884.442264343255,331783392825.5353,28.593733117233928,22.16931457088545,240.85603457940343,2670.788272865793
8866d3236bfffff,0.559177765387323,2746.0,69851.56696950278,296000190253.84125,29.986890021849963,31.16240759128834,57.20631619909997,1619.12905348348
888f0d913dfffff,0.5781321619556913,5425.0,71681.00606631467,918253236822.0624,64.99465437788018,33.8292961755305,118.87260567079764,2830.3873503139043
888f2b9a33fffff,0.504139321033547,1979.0,48559.799301260566,183983638763.5609,43.81152097018696,33.08317388987497,24.034453915402544,1748.6618102449136
888f76d6e9fffff,0.5617777777777778,4229.4,48261.87484903232,387168394364.5293,69.70555011395601,25.485340911525448,199.691096611452,2279.5210553113156
8866d14d63fffff,0.5534675559947299,4760.0,82521.77706865284,493340128834.35175,31.356512605042017,26.97316968394073,269.87237198237057,2543.200810034793
888f286739fffff,0.3663694748972239,4229.4,48261.87484903232,387168394364.5293,69.70555011395601,25.485340911525448,199.691096611452,2279.5210553113156
8866d32103fffff,0.3129882188825097,665.0,10401.058376466528,58237767222.22993,175.36541353383458,27.237057894447588,74.54674194433973,2070.2934281787857
8866d33129fffff,0.4482966687070192,2225.0,30796.070382417583,247696786151.3473,52.15595505617978,32.944315159066534,157.70705469080576,1957.0187086470607
888f769aa7fffff,0.9563713527851458,1579.0,132144.20031357915,1641599438803.4026,32.9119696010133,17.688293538779483,53.14493683421577,2649.0971648029536
888f769931fffff,0.4371193415637859,4229.4,48261.87484903232,387168394364.5293,69.70555011395601,25.485340911525448,199.691096611452,2279.5210553113156
8866d3b161fffff,0.670288624787776,50.0,18467.12368325463,109161800056.8229,111.12,25.062725171601755,182.3210384636577,2717.6546821352063
8866d32265fffff,0.3802610566326598,4229.4,48261.87484903232,387168394364.5293,69.70555011395601,25.485340911525448,199.691096611452,2279.5210553113156
888f2b9817fffff,0.8121006423087211,11251.0,65631.74245518836,658333679424.0974,34.85148967282033,32.82286227396142,66.23088383662812,2131.872079941108
8866d14d6bfffff,0.3333333333333333,8237.0,48373.41026232932,433405013156.2079,67.26564866229177,18.119890406724053,163.06585833419658,2173.040433933796
888f2b9a17fffff,0.58786333395334,4229.4,48261.87484903232,387168394364.5293,69.70555011395601,25.485340911525448,199.691096611452,2279.5210553113156
888f2b9901fffff,0.5894020766201218,4229.4,48261.87484903232,387168394364.5293,69.70555011395601,25.485340911525448,199.691096611452,2279.5210553113156
888f2b999dfffff,0.631578947368421,7152.0,29557.32361501292,345415907546.3276,106.06627516778524,27.123492689017603,2.9312542257550978,1890.236686443077
8866d338b1fffff,0.3238547952428092,3350.0,27241.361405779626,305277398374.18146,84.45752836553204,26.4012234017873,55.53987865158589,2653.9573404620096
888f2b983bfffff,0.5698512585812358,58614.0,225461.94405662504,1640538118395.2402,21.08331984533765,15.908927606829158,295.19329438794847,1536.2876458370329
888f0d9139fffff,0.8571428571428571,2076.0,32162.01487408815,273904952785.86972,95.22702159718736,25.9123357863187,52.16857476584619,1796.205734789906
888f2a7609fffff,0.2738735389394953,7315.0,61384.71251202193,510536481477.682,69.4401776758848,29.124844543129925,288.8976011576984,2429.384006189761
888f2b9843fffff,0.2778317303006441,41686.0,102890.1424412102,890968485934.3126,32.20874562718641,32.80527567781833,68.98638176732585,2277.118149358223
888f2b99d1fffff,0.2098616105481094,33522.0,67693.51214856537,579363245159.6027,42.0831803506995,25.403270022239862,170.26225447846744,2412.7909090447
888f0d9107fffff,0.6719031312684564,4761.0,290913.7296640279,3874397615573.835,11.109010712035287,28.173872632378902,69.20094351532761,1692.1436195493
888f2b4223fffff,0.4412517780938834,4229.4,48261.87484903232,387168394364.5293,69.70555011395601,25.485340911525448,199.691096611452,2279.5210553113156
8866d33a0dfffff,0.3320163575052545,1456.0,24932.66207861892,342827821899.02686,83.48489010989012,24.3119603626492,95.7301419729767,2189.17015260898
888f2e05d9fffff,0.522992700729927,470.0,47679.99031196403,373288008243.7686,46.90212765957447,29.94941876267513,71.2629974771633,1803.0235026037349
888f0d9a1bfffff,0.2749999999999999,7649.0,43234.23237240971,391089616994.4795,94.38942635236408,15.364436513030997,161.09232686802406,1878.3615302600424
888f2b9937fffff,0.353728977309232,2371.0,56236.392750936655,815050278590.8021,76.3137916490932,31.76657409422276,117.74806692200544,1598.0492363465778
8866d3b147fffff,0.5636500975484026,1691.0,55884.741657038,392341535834.3001,35.803666469544645,27.517198314284727,194.89399469771053,2622.1097691442983
8866d33a5dfffff,0.3115600560180436,4229.4,48261.87484903232,387168394364.5293,69.70555011395601,25.485340911525448,199.691096611452,2279.5210553113156
888f76d68bfffff,0.6572258344415206,22994.0,115850.11877354674,1160667718984.4275,33.93004394907344,24.431523771003167,9.116117909051058,2190.5374068028896
8866d33153fffff,0.2787624272801542,20708.0,270317.42839300813,3861020221408.4766,18.62304423411242,17.02943085732064,262.1670232687546,1762.2579408906188
8866d3232bfffff,0.4902018966716057,446.0,13118.455383100069,53166025223.94957,142.13677130044843,15.628583713734685,53.41079006092543,2981.678280322331
8866d33163fffff,0.2281566339795959,26292.0,407121.138638698,5106374960552.406,12.6154343526548,19.4853861892112,114.94155847484924,1702.749433732234
8866d32307fffff,0.3717596666488992,988.0,26844.639459697348,112041036548.98853,60.99392712550608,30.41934359909122,274.45377032043,2410.641054133171
888f0d956bfffff,1.0,7844.0,115115.6920052913,1836886159092.5264,35.213029066802655,33.107012839121275,46.16877190195652,2723.9204084529256
888f2a3b5dfffff,0.31265625,4229.4,48261.87484903232,387168394364.5293,69.70555011395601,25.485340911525448,199.691096611452,2279.5210553113156
888f76d699fffff,0.5565310999439683,13680.0,91995.62194320084,800392595591.1282,49.11236813942822,31.612388155754584,64.70254571931515,2965.200492765989
888f2b9b49fffff,0.2316901408450704,1085.0,24917.68054188113,137074361845.633,75.0700460829493,17.577594438212984,149.45871493594169,2279.078789255906
888f2cb465fffff,0.8154761904761905,7183.0,80695.02204389092,1028986781600.8744,54.74564945009049,22.28539722096151,12.032757423744744,2946.7149808512177
8866d32a99fffff,0.2337230656728077,4229.4,48261.87484903232,387168394364.5293,69.70555011395601,25.485340911525448,199.691096611452,2279.5210553113156
8866d32121fffff,0.1679074795520835,4229.4,48261.87484903232,387168394364.5293,69.70555011395601,25.485340911525448,199.691096611452,2279.5210553113156
888f2b99c5fffff,0.3035122947932079,13585.0,50891.56471638134,451308884087.73694,66.46337898138175,17.27115184399258,9.96093263740997,1797.1464491396102
888f2865a3fffff,0.2234154929577465,33573.0,184029.9815197371,1362172370449.387,27.031727158948687,21.3862727518083,209.24143850078508,2332.6274239534296
8866d331bdfffff,0.2566333266417108,242.0,20353.9987495832,113500451675.49825,50.599173553719005,20.30404735363451,215.71377155527364,2429.381932346744
8866d3224dfffff,0.2770473412609379,4229.4,48261.87484903232,387168394364.5293,69.70555011395601,25.485340911525448,199.691096611452,2279.5210553113156
888f2b9aadfffff,0.5293129875679528,4229.4,48261.87484903232,387168394364.5293,69.70555011395601,25.485340911525448,199.691096611452,2279.5210553113156
888f281acdfffff,1.0,9207.0,394909.9310059846,7136580224682.423,12.434126208319755,17.363296552433127,258.6382851796352,2977.0046092867624
8866d32a1bfffff,0.413978785792206,2499.0,54807.01310104048,279863210682.5946,35.7563025210084,23.542155772525128,54.57843914858134,2310.017871906766
8866d3352dfffff,0.1662284047565627,4229.4,48261.87484903232,387168394364.5293,69.70555011395601,25.485340911525448,199.691096611452,2279.5210553113156
888f286203fffff,0.2482394366197183,4229.4,48261.87484903232,387168394364.5293,69.70555011395601,25.485340911525448,199.691096611452,2279.5210553113156
8866d33327fffff,0.3799460251977943,528.0,259509.8285070785,1981962010268.838,6.901515151515151,32.84093110354227,199.10134960879444,2671.14237910266
888f2b4221fffff,0.2368421052631578,2662.0,51617.07922726856,310144430828.8502,29.65777610818933,34.720021276457416,90.28907008404488,2369.9756811421967
888f286433fffff,0.2866246812616189,4229.4,48261.87484903232,387168394364.5293,69.70555011395601,25.485340911525448,199.691096611452,2279.5210553113156
888f2864a1fffff,0.3143277569502887,4229.4,48261.87484903232,387168394364.5293,69.70555011395601,25.485340911525448,199.691096611452,2279.5210553113156
888f2b995bfffff,0.3526999316473,8150.0,131761.13080206586,584894088956.8999,16.476319018404908,34.99435346572261,11.885647604507144,2116.64340390106
888f2bd639fffff,0.3421052631578947,4229.4,48261.87484903232,387168394364.5293,69.70555011395601,25.485340911525448,199.691096611452,2279.5210553113156
8866d33169fffff,0.2856106074523666,14215.0,123330.71860468964,1082714719078.3744,30.20401116661769,21.50799396318536,49.88501062682382,2948.73324172983
888f2b984bfffff,0.277410256808171,35237.0,70066.67437603217,509768164785.1192,57.18118004173781,18.762423194475225,110.55790311712836,2144.485219108403
888f2bd44dfffff,0.2921484037963762,14241.0,424145.44354565296,5313202089420.963,12.952882522294782,24.47923280525745,204.0684727293874,2658.0187144649854
8866d32a09fffff,0.1662284047565627,26488.0,107967.34558930344,1025951330567.2084,31.8328694130746,17.201038490553536,167.89209939246535,2700.5347617335424
8866d338dbfffff,0.5762171518518094,4229.4,48261.87484903232,387168394364.5293,69.70555011395601,25.485340911525448,199.691096611452,2279.5210553113156
888f2b98edfffff,0.4875196686314353,73042.0,67113.89478283824,441515905820.7034,41.571424221664,15.904373402123788,60.15741801010102,1585.5820817268814
888f2865ddfffff,0.251837816207521,1675.0,19580.31946185343,71243333364.39507,38.46388059701493,16.824122060973806,48.22796881449246,2937.11022017907
888f2829d3fffff,0.9840986132511556,4229.4,48261.87484903232,387168394364.5293,69.70555011395601,25.485340911525448,199.691096611452,2279.5210553113156
888f286591fffff,0.289822458449219,284.0,84947.26263627353,276216087235.0812,4.552816901408451,22.784033574683264,255.17451872827257,1648.767149380824
8866d32341fffff,0.6156607583576398,4229.4,48261.87484903232,387168394364.5293,69.70555011395601,25.485340911525448,199.691096611452,2279.5210553113156
888f2b982bfffff,0.3498501833420621,50830.0,141511.23179955984,1130806649801.3535,37.418476566559285,25.461956883402976,45.31736753427007,2075.749427899566
888f2864e9fffff,0.3305947472584797,4229.4,48261.87484903232,387168394364.5293,69.70555011395601,25.485340911525448,199.691096611452,2279.5210553113156
888f2b9865fffff,0.2658145316335958,7813.0,19337.598223420755,165960197688.9393,136.87698777763174,21.19055232572656,228.3071972828997,2591.908960460648
888f2864d5fffff,0.458980044345898,1070.0,150270.91928632115,489277753733.6361,8.794392523364486,30.52825921483993,22.839257847090057,2262.54082037442
888f2864b5fffff,0.5176420561222691,4229.4,48261.87484903232,387168394364.5293,69.70555011395601,25.485340911525448,199.691096611452,2279.5210553113156
8866d304b3fffff,0.2931980374706474,4229.4,48261.87484903232,387168394364.5293,69.70555011395601,25.485340911525448,199.691096611452,2279.5210553113156
8866d3226dfffff,0.4109048047862074,88.0,23312.521374927783,27378909616.766853,40.375,24.444298503238983,135.73185483980802,2794.1956163148425
888f76d6c3fffff,0.5718780902346016,10578.0,53619.97370732312,797627098155.1825,75.7006050293061,19.03254640095489,170.10487829600035,1527.0098334006818
888f2b9801fffff,0.4581780456693355,56517.0,130713.69887852832,1036895136268.2672,32.799655287228,26.667375301943192,231.122225342338,1721.178790059426
8866d14d2bfffff,1.0,4053.0,163864.5191465469,1232807415694.2532,18.577843572662225,29.6398788362281,69.6638085440452,2094.259037413883
888f2b98a7fffff,0.2596663498626669,8869.0,78150.77688688647,1162272428291.5952,32.812943962115234,33.99599826583848,238.96118729285288,2415.337724216462
8866d32a45fffff,0.3202901802408197,29408.0,65281.63474517871,539479046793.5164,48.34739598487052,25.37581243486732,8.128797751045047,2197.808418425577
8866d32243fffff,0.3531926058883654,4229.4,48261.87484903232,387168394364.5293,69.70555011395601,25.485340911525448,199.691096611452,2279.5210553113156
888f2b9a25fffff,0.2242936507936508,43142.0,159182.5982780112,2365641600132.7305,19.580229939551973,26.79835373709266,240.51842492093755,1622.5880186201673
8866d32a0dfffff,0.2879119428790139,40507.0,94509.31098314014,1254123770840.8396,23.22205271845145,19.558703250838832,46.57207377921375,1850.5681228656488
888f2b9917fffff,0.5435947553894224,16418.0,341705.9547267667,3588523424302.076,15.825740041417957,22.52926733756099,19.262681122540226,1892.558525603859
888f2b9b51fffff,0.1759398496240601,27779.0,265578.0701332365,2393218372330.9326,15.657915086349744,18.03805387024589,215.76053348167915,2816.745117228061
888f2b9b07fffff,0.3933374150825509,9303.0,138270.90477860483,1949852941980.0903,28.280124690959905,20.164887765979167,47.8634040339565,2188.859816395437
8866d3315bfffff,0.2462643033430558,5302.0,67727.25887735539,314442855748.3968,25.77159562429272,25.974675787331723,52.61138358703488,2051.301633437297
888f2990edfffff,0.6107142857142858,9681.0,100090.0669468471,1378097393525.9905,36.54240264435492,30.23021263434945,77.94107431924793,2583.106407304105
8866d3badbfffff,0.7936507936507936,644.0,40417.59624747655,274087380590.2501,53.30590062111801,32.12979682376644,153.8065533049526,2484.717910997254
8866d32a37fffff,0.5210314195730394,25593.0,207872.23541856528,2946612733628.8003,16.615558941898176,21.75230342807256,46.84577920985711,2492.758784774068
888f769937fffff,0.2763636363636363,4200.0,32687.502806625,453401000280.26807,122.95285714285714,34.647572338172125,36.63297420300804,2623.23950544496
888f286589fffff,0.298747027620267,4229.4,48261.87484903232,387168394364.5293,69.70555011395601,25.485340911525448,199.691096611452,2279.5210553113156
8866d33a59fffff,0.329706186973671,2411.0,29777.42510152709,526897112184.9426,97.73040232268768,29.52182667445323,69.88784242609013,1599.978060841035
888f2b9b13fffff,0.2962056752525571,9019.0,33615.050256751725,294276699417.9432,99.42786241920592,34.60065150570954,65.76419620741329,2679.41729907605
8866d32339fffff,0.4438411487547678,4229.4,48261.87484903232,387168394364.5293,69.70555011395601,25.485340911525448,199.691096611452,2279.5210553113156
8866d3316dfffff,0.3086363076448072,10554.0,61877.2148492953,768077926717.2932,73.48881940496494,27.99265798094429,24.83960037753794,1967.7241996278888
888f2bc831fffff,0.2506965944272445,4229.4,48261.87484903232,387168394364.5293,69.70555011395601,25.485340911525448,199.691096611452,2279.5210553113156
888f7698cdfffff,0.549758865248227,4229.4,48261.87484903232,387168394364.5293,69.70555011395601,25.485340911525448,199.691096611452,2279.5210553113156
888f2e0e8dfffff,0.4477758423887211,4229.4,48261.87484903232,387168394364.5293,69.70555011395601,25.485340911525448,199.691096611452,2279.5210553113156
8866d33333fffff,0.4485528382319946,6743.0,81327.01142885193,1080225967537.7426,37.31054426812991,30.896226070832967,219.7716291630751,1587.2456932582136
888f2b98e1fffff,0.8036153280053836,71216.0,95301.26766090067,805818233625.2803,27.38057824337121,27.2683039187158,35.192456688718345,2627.0626290435684
888f2b99d7fffff,0.3414696160691584,21642.0,65806.47380297023,622315205272.7208,51.19514289803903,26.218759430707728,60.04507327344303,1726.870243102402
8866d33aebfffff,0.3127249982500363,21626.0,518304.1768698706,6049579953202.0,9.575141033940628,27.31700196104433,50.11018382762257,1939.233055051447
8866d3389bfffff,0.3933388178396031,4229.4,48261.87484903232,387168394364.5293,69.70555011395601,25.485340911525448,199.691096611452,2279.5210553113156
888f0d9125fffff,0.7686627282491945,32177.0,95561.42817668192,910704984690.4984,45.81964215750294,27.84838556412631,55.93147864327636,1836.923417765778
888f2b9923fffff,0.3565384945130546,1574.0,285053.5100813583,3898111926851.91,9.98030495552732,18.008337822070565,239.2677301911565,1874.3192997742592
8866d338bbfffff,0.28270136863361,26869.0,220484.79960519803,2423374057918.1846,9.439028994261552,25.366593047274733,197.6350100132152,1889.719813117552
888f28658dfffff,0.3108062982469485,970.0,70923.99584827326,457568936609.9819,22.85463917525773,32.91046456992401,197.5355503975277,2987.714927024045
888f2bd42dfffff,0.3428279723381509,2613.0,9578.998147019138,78131946745.39334,342.01436552274544,32.93576819812024,59.86273527874354,2977.4844842113125
888f2b9825fffff,0.3348868437095962,4229.4,48261.87484903232,387168394364.5293,69.70555011395601,25.485340911525448,199.691096611452,2279.5210553113156
8866d32107fffff,0.2308727843841149,1341.0,31119.36990112209,83531007253.49696,35.5054012345679,20.84289297070436,10.059730420733814,2370.2585538409985
888f2cb541fffff,0.5605513038548754,11979.0,31097.33139381903,339541007557.2621,77.40253592561285,28.807896572587307,173.60262257171803,2284.994446792112
8866d32ad1fffff,0.3416367511779224,4229.4,48261.87484903232,387168394364.5293,69.70555011395601,25.485340911525448,199.691096611452,2279.5210553113156
888f2b981bfffff,0.8322554725961455,4229.4,48261.87484903232,387168394364.5293,69.70555011395601,25.485340911525448,199.691096611452,2279.5210553113156
8866d338d5fffff,0.5482221943826767,45997.0,141105.47701371665,1248300925023.554,30.104964927913723,33.26481105112943,277.5744952246998,2231.781065889544
888f2b9989fffff,0.327846201016345,11103.0,45050.8298248208,408074145148.9912,70.9758386767029,30.37974830361021,72.61350475875824,1532.7350951632343
888f76d617fffff,0.8,4994.0,97900.78372708157,1384095008670.4473,40.91549859831798,34.7992046477989,251.43458689443307,2497.4773552139927
8866d332d7fffff,0.2361111111111111,4229.4,48261.87484903232,387168394364.5293,69.70555011395601,25.485340911525448,199.691096611452,2279.5210553113156
8866d3222bfffff,0.4006243000051425,2463.0,251027.41608698195,1069403876122.4674,8.038164839626472,17.317381190502594,1.3896069013808576,1912.209053322204
888f76d6d5fffff,0.5471276998108887,24363.0,117522.42489353562,1345123015556.5972,26.819938111566447,32.544010816262166,228.6855404329848,1668.8705856179056
8866d32113fffff,0.3297210711847567,905.0,83045.6296423659,466339177426.3911,13.857458563535912,18.993475643167194,102.62452461477224,2719.4786080741405
888f2b9a1dfffff,0.6200229171477991,4229.4,48261.87484903232,387168394364.5293,69.70555011395601,25.485340911525448,199.691096611452,2279.5210553113156
888f76d683fffff,0.5646447779353726,14909.0,70640.1605104459,938833302403.5612,33.23809523809524,20.092813095275275,149.1524292025282,2506.098467858751
8866d32a29fffff,0.2526442758427576,28277.0,95694.48356787022,1115344259163.6543,25.51551786358716,25.21494605155132,81.22340194306614,1986.500629673064
888f2864b1fffff,0.3487380422888206,4229.4,48261.87484903232,387168394364.5293,69.70555011395601,25.485340911525448,199.691096611452,2279.5210553113156
8866d33a11fffff,0.3440755865316527,17935.0,220180.6320690553,2884646973842.204,22.048954558126567,25.85289269415153,248.6746422452032,2677.524815755585
888f2b9a03fffff,0.6964635729367489,4229.4,48261.87484903232,387168394364.5293,69.70555011395601,25.485340911525448,199.691096611452,2279.5210553113156
8866d321a7fffff,0.1668959887114083,851.0,63160.99377019689,283547878845.97003,36.2737955346651,32.89654700855297,261.63717268324547,2521.676780947474
8866d33aa3fffff,0.4362448356901954,30341.0,119908.03918874332,967901532650.6212,38.42257116877666,18.46588640141692,188.25163896551103,2606.2625391885103
8866d33121fffff,0.3814914681946396,3980.0,60553.74804895608,773544802398.8551,44.63417085427135,26.10401623198925,77.36630562996069,2816.9614806676045
8866d32a4bfffff,0.3835488085816014,29094.0,96347.57695855436,906501337443.0212,37.68629470469155,34.435641654419214,201.5678230796185,2936.4379267580703
8866d3b10dfffff,0.7870347471060793,4229.4,48261.87484903232,387168394364.5293,69.70555011395601,25.485340911525448,199.691096611452,2279.5210553113156
888f2b9841fffff,0.2861509900892526,32408.0,106995.62206987957,834042050149.4897,46.87351895734597,34.008229681531176,268.2297611037403,1909.6062149592185
8866d321a3fffff,0.2970375457624893,1533.0,53649.94017204116,285320456982.03925,46.58512720156556,30.50265646722229,183.43627063039435,1682.829140005421
888f2b9927fffff,0.3592277625527658,25786.0,141265.96671724168,1134181621882.8213,37.96455780059623,26.8826143070427,93.10858767707214,1907.9245891929463
888f2b9991fffff,0.3828149920255183,27848.0,63178.40703990869,800412348239.779,34.56675511613536,19.94696203486395,149.6664460354068,2340.2522751927627
888f2864b3fffff,0.3907016838211423,4229.4,48261.87484903232,387168394364.5293,69.70555011395601,25.485340911525448,199.691096611452,2279.5210553113156
888f76d6a1fffff,0.3333333333333333,1181.0,81741.87627718363,438833888480.3784,22.29805249788315,29.617349504072884,195.3698931124476,1563.037012757108
888f2b9815fffff,0.5214136479067752,17170.0,91481.83776001584,1289244900686.0342,46.93651718112988,15.863198239011522,208.1046677344466,2463.847799302788
888f2865d7fffff,0.2571643141266102,7481.0,120969.37545797975,505996319896.1821,22.153188076460367,30.79236285589108,223.0524768874824,1803.720840247856
888f2bd63dfffff,0.4159202831640504,4229.4,48261.87484903232,387168394364.5293,69.70555011395601,25.485340911525448,199.691096611452,2279.5210553113156
888f2b99d3fffff,0.2296049073578619,38288.0,142065.09684835904,1051872751793.8176,32.61165101700019,32.043630006370805,206.83949074117973,2024.259558130228
8866d338e3fffff,0.3918244380781303,11514.0,34254.8118543917,339127228976.48145,90.85929011227816,27.999278615555305,10.183793575739651,2766.535624109424
888f76d6edfffff,0.3015384615384615,954.0,65219.21623834433,260946034066.9148,24.143605870020963,21.02755748328284,1.7275981494364712,2203.151948196759
888f2e30c7fffff,0.384108785989908,2755.0,56047.34600829141,313140685412.0135,41.18911070780399,26.736822360417584,101.10095292938588,1619.1098769645444
888f2e30c3fffff,0.4272946142937238,10664.0,104324.71123433436,1369160780850.086,51.519786196549134,16.738405761748474,50.92737152626222,2579.0304335537376
8866d33addfffff,0.5617080053611566,3506.0,27157.39941706137,339559450199.9593,116.10781517398743,16.95668321302003,26.82330069367785,2661.950670956682
8866d33a89fffff,0.3821507474110072,30893.0,101152.03944366644,931503657444.9768,43.64288428981101,16.56912762684532,239.6349707320996,1627.1880240687049
888f2b9b01fffff,0.6056771141336488,21899.0,373202.4945340537,4174386107156.785,13.722453080049318,33.53175250322989,18.10562519716914,2268.753973155497
8866d32131fffff,0.3798305013734551,1888.0,37750.435030918095,199067297866.73,52.56620762711864,33.977710745066666,44.97522820463213,2847.0458234249804
8866d33131fffff,0.2813657893352486,1835.0,72180.88694160063,492384063744.1847,29.295367847411445,21.78059582097401,5.51720296424002,1760.286772479763
8866d321c1fffff,0.3628000897464662,269.0,42841.95082708126,178086842017.11267,42.182156133829,21.506606615265287,45.7617128742784,1884.8441755520453
888f769a81fffff,0.396286472148541,4229.4,48261.87484903232,387168394364.5293,69.70555011395601,25.485340911525448,199.691096611452,2279.5210553113156
888f76d69bfffff,0.7000585381163595,876.0,413280.7260432767,2254298473111.658,3.954337899543379,34.300538213330256,197.66564106979715,1666.0808899894737
8866d338a1fffff,0.4039091056514132,31348.0,225437.26359681532,3103882559505.622,21.8637871634554,21.33844010312556,27.474621997990244,1791.9337677311476
8866d3333bfffff,0.4966277835308591,2884.0,23431.971658915303,168896500137.59586,102.63282087951376,18.90485975596089,178.52337921007646,2975.51838789512
8866d32a35fffff,0.4617455687682298,7970.0,36935.94046864513,297026969100.61017,78.70934122490993,17.397307346673657,7.615906698103458,2991.209041831751
888f0d9a53fffff,0.4846153846153846,8217.0,83033.67444924379,941671849863.12,33.68929990069513,16.42377296920458,27.446051219326463,2762.9978293350923
888f2e308dfffff,0.2920747996438112,9863.0,41993.21863733747,374889365630.4106,108.66115790596012,30.78342477214677,70.81513900393918,2339.633525457574
888f2b9931fffff,0.3487277560431331,26399.0,90748.01678898152,657462336808.2626,54.76423616712373,22.61781713262043,136.56604472454035,2639.0973936269456
8866d3234dfffff,0.4081841101515313,1519.0,29712.980042389376,124228409474.2418,77.11586570111916,30.111022770860973,178.61550519601315,2986.8839905532823
8866d338b9fffff,0.364577547331243,23663.0,397262.7564157156,4642963709526.869,15.105988251700968,17.801680304730482,241.9683443584349,1528.788415234585
888f2b9981fffff,0.5101529177064242,12598.0,43108.21484964178,377712398512.304,54.30858031766825,26.10863411205255,31.47905352545246,2849.7500185309086
888f76d695fffff,0.6180905868014657,2540.0,168691.0643993072,793713137932.5038,13.501968503937007,33.59058288495652,202.95401573317395,2070.6008234556143
888f769927fffff,0.44,917.0,23217.08807887957,340738665564.4613,133.0577971646674,25.490227791405093,280.9817076884884,2021.9121173732497
888f2b9ae7fffff,0.5819237352846715,4229.4,48261.87484903232,387168394364.5293,69.70555011395601,25.485340911525448,199.691096611452,2279.5210553113156
888f2bd713fffff,0.3444976076555023,13292.0,69638.71042048567,821483093964.4161,45.33415700941525,24.617326643417925,147.87964966421382,2341.1071700438924
888f2a1759fffff,0.435,2936.0,21663.290048852214,117984824494.50914,50.57254768392371,16.45526012728387,228.3083707506084,2543.42721974521
888f2b985dfffff,0.7757437070938215,66533.0,193794.62228926603,2069842649312.336,19.08722090557565,34.72421488959206,232.9790558375225,2224.453308128033
8866d33ab9fffff,0.5199964961683439,30054.0,144665.48130635286,1312879073321.6382,34.28486467236467,26.08708105022801,106.38664729223296,2490.454079552007
8866d33a43fffff,0.1520479342564361,7012.0,27560.84007425954,244810625884.3784,115.12576241649724,27.457809516380003,161.84738771260118,2192.2161969371014
8866d321abfffff,0.2831125552096704,1215.0,138457.33931240658,725625283694.4497,9.26008230452675,26.957999576221702,279.6354847450837,1772.1575215434405
888f7699c5fffff,0.4844400342197914,18571.0,119208.588559776,1123711230414.1338,32.34613209681068,21.47358472808488,146.65397407707604,1840.7693355352724
888f286531fffff,0.1654929577464788,770.0,24031.15012264162,154411094204.4972,112.72467532467532,30.090857481693646,104.34276237065792,2641.682305564737
8866d30683fffff,0.4114564474172345,5466.0,98318.78199732416,397053246793.9932,10.578756674294432,18.668090197068675,160.03832759289645,2795.000474357738
8866d321a9fffff,0.188895914496094,4229.4,48261.87484903232,387168394364.5293,69.70555011395601,25.485340911525448,199.691096611452,2279.5210553113156
8866d3210dfffff,0.4024267109268143,4229.4,48261.87484903232,387168394364.5293,69.70555011395601,25.485340911525448,199.691096611452,2279.5210553113156
888f76d689fffff,0.6545454545454545,3334.0,55069.21230268997,415911914442.28186,37.29784043191362,26.912774812156886,171.1829239916489,2170.583315709638
8866d32a49fffff,0.2611247800754723,33603.0,117278.24230093075,1225245005033.026,31.21909159442141,22.27259204758588,69.32243897642142,2343.4452238168647
8866d14d29fffff,0.5623550724637681,5843.0,56367.19799381348,305731944539.5283,26.869402985074625,34.01428612819832,150.81611702774376,2049.6923023070967
8866d32f4bfffff,0.1668959887114083,851.0,22182.097977832804,115736947497.49857,62.54731457800512,18.487328580099827,284.535992088647,2170.8038107572534
8866d330abfffff,0.5009939421135293,4229.4,48261.87484903232,387168394364.5293,69.70555011395601,25.485340911525448,199.691096611452,2279.5210553113156
8866d33141fffff,0.3191612067556662,1975.0,28501.94345983896,382836379435.974,95.76506329113924,30.59751091715248,166.253400754738,2733.720845451541
8866d32223fffff,0.5565686855019869,714.0,42681.15499657355,184509963558.445,35.752100840336134,30.425406933718914,16.4284916466094,2030.132068954077
888f2b985bfffff,0.4146441152879118,2682.0,32859.04502170893,151916489845.501,56.56375838926174,34.487896153323334,260.5869503866832,2187.280330106839
888f76d6b5fffff,0.5301903631493089,4229.4,48261.87484903232,387168394364.5293,69.70555011395601,25.485340911525448,199.691096611452,2279.5210553113156
888f286597fffff,0.4413145539906103,4229.4,48261.87484903232,387168394364.5293,69.70555011395601,25.485340911525448,199.691096611452,2279.5210553113156
8866d33aadfffff,0.4577182312720952,2581.0,17568.489777331462,251220722170.4692,245.6113909337466,29.291918454001248,125.33003465020012,2661.980296771773
888f2b99cbfffff,0.2901314002960937,29689.0,52313.3221965466,409815582388.4643,55.59653216542217,30.446367834712788,39.8147262129181,2958.007994447305
8866d32a91fffff,0.3142504215806102,1061.0,38261.52119934411,213039020995.3094,45.26013195098963,34.71300908221201,87.94431907830398,2988.725253237563
8866d32a81fffff,0.2955171640116671,4229.4,48261.87484903232,387168394364.5293,69.70555011395601,25.485340911525448,199.691096611452,2279.5210553113156
8866d33339fffff,0.5927776741285883,2105.0,54522.676099392986,713893305970.0645,44.52541567695962,24.85035387637728,78.67921328994753,2542.55284328783
8866d3233dfffff,0.583257560549343,1109.0,25889.088482592808,130808445623.15526,67.47971145175833,21.287119621526536,44.59881832593389,2542.7168310713905
8866d30495fffff,0.3686517040972157,864.0,57767.44205718824,297257535972.0358,30.252314814814813,29.16145155592091,281.94963708404254,1609.7938856526655
888f0d9569fffff,0.882962962962963,11656.0,49169.32837245666,406904043963.6314,90.96703880914409,34.22381127647829,208.80618541613768,1928.86018385874
8866d33a9dfffff,0.4260761604076703,4229.4,48261.87484903232,387168394364.5293,69.70555011395601,25.485340911525448,199.691096611452,2279.5210553113156
888f2990c7fffff,1.0,32693.0,157701.02326670778,2555640599868.361,28.81681093812131,17.341340328552118,294.35585340822706,2052.4642957602728
888f76d6ddfffff,0.5696646800680998,22753.0,75973.75086412473,658941568758.067,57.27808871825709,22.53888858849816,36.06271661118253,1862.8407423882584
888f2b431dfffff,0.7876809175501144,4229.4,48261.87484903232,387168394364.5293,69.70555011395601,25.485340911525448,199.691096611452,2279.5210553113156
8866d33839fffff,0.3765002329956335,4229.4,48261.87484903232,387168394364.5293,69.70555011395601,25.485340911525448,199.691096611452,2279.5210553113156
8866d32187fffff,0.2216378730087503,171.0,9935.996613312906,55382252171.21937,146.08771929824562,18.69708911051054,175.86894960503918,1908.9360011003007
8866d33ac1fffff,0.3648846946377125,33635.0,126444.55661600956,1081481457778.2062,38.86867857819307,23.3920012485558,88.89243613679703,1897.569642487506
8866d32221fffff,0.4109740879794102,4400.0,127999.72821895745,586618760319.99,19.64022727272728,29.580143360819747,119.70081116103908,2850.034685097017
888f2b8a49fffff,0.2428358398542665,4229.4,48261.87484903232,387168394364.5293,69.70555011395601,25.485340911525448,199.691096611452,2279.5210553113156
888f286513fffff,0.2351264019577992,1416.0,14585.236591895651,43048852573.90958,146.65585443037975,30.017421355829946,247.4042897775448,2454.437030968872
8866d32335fffff,0.4753263207908248,80.0,25653.545535081503,118948267328.32248,71.5625,27.72820822527561,288.32109524083654,1704.6596288350995
888f7699e9fffff,0.4444444444444444,8854.0,52788.618166167726,487647810119.51086,67.13391506689936,24.62280203709635,28.17021473682552,1955.9196018610853
888f2b9b59fffff,0.5183706473232909,10633.0,71723.83504151089,892199880934.9893,46.50474936518386,27.817494896064293,298.90017481702256,2805.86763756901
888f769955fffff,0.718840579710145,164.0,76558.13891050583,393997160865.9144,16.670731707317074,17.240778043361047,135.6597084850306,2476.721377322511
888f2cb40bfffff,0.663265306122449,3387.0,140095.13308133936,848848933585.2511,9.31502804842043,24.215575360654515,111.3116288953808,2070.6300112613435
888f2b9855fffff,0.449592234390996,67458.0,270648.9620392753,2024521796331.2007,18.09006487923083,26.67312223701744,290.45802837441653,1779.152126769416
888f2b9b53fffff,0.2579893060156218,16682.0,599650.0156864459,11687688333148.793,3.743795707948687,17.776543452988204,68.53642239938962,2819.3727824272937
8866d33a17fffff,0.3242414321806819,31018.0,110080.77308592256,976859408168.3918,40.98186261013216,15.610004998780989,69.00265118631091,2680.3550793829427
888f2e0eddfffff,0.8001906094981943,22312.0,183597.96150830504,3061327987628.203,24.55548583721764,17.395242636385024,232.0419377059802,2822.8916374569662
8866d338c9fffff,0.41511029307969,58747.0,178575.78306225032,1478819214284.4768,31.079920859652944,20.871836885289863,296.3004023989941,1861.802186399312
888f766d93fffff,0.7323943661971831,9140.0,69475.50674349396,667449406380.0576,61.15369649805447,27.115496387137743,199.1413582865416,2188.897795759821
8866d33853fffff,0.4365096988720938,4229.4,48261.87484903232,387168394364.5293,69.70555011395601,25.485340911525448,199.691096611452,2279.5210553113156
8866d3314dfffff,0.3388756991384397,9837.0,648026.2524449062,8476107145993.727,7.870183999186744,27.1285811931918,41.06568902064218,2409.3794066264663
8866d3230dfffff,0.5322372291707786,2478.0,37338.72855328337,155490307989.99014,64.61138014527845,23.550820367170992,189.6792863758591,2086.358993858272
888f2a0db3fffff,0.2852849363953076,4229.4,48261.87484903232,387168394364.5293,69.70555011395601,25.485340911525448,199.691096611452,2279.5210553113156
888f2a7623fffff,0.4201469063276349,4229.4,48261.87484903232,387168394364.5293,69.70555011395601,25.485340911525448,199.691096611452,2279.5210553113156
888f2e0e89fffff,0.7570302803762589,6676.0,76706.41317314288,939177992425.5328,62.582834032354704,17.14344022679552,133.59157650079965,1625.1961274840749
888f2cb547fffff,0.663265306122449,8015.0,97018.92553488824,1399027354860.7893,22.874734872114782,30.988207978180853,217.57729812454096,2689.281628550759
8866d32841fffff,0.2447251514471617,13147.0,54390.30833810783,718909735208.5898,56.89625009507873,32.42921180375436,141.6200835329998,2841.2863119961776
8866d331abfffff,0.3972391247654832,4229.4,48261.87484903232,387168394364.5293,69.70555011395601,25.485340911525448,199.691096611452,2279.5210553113156
8866d33065fffff,0.404027372672201,550.0,12473.208867609344,57628197809.28116,155.64909090909092,28.81875476204932,229.08173824792823,2400.891500040926
888f2cb543fffff,0.3482142857142857,23354.0,125405.236136669,1223072944378.9834,23.37438208145588,15.78624279682198,131.58462575687713,1930.7069371268635
8866d338d9fffff,0.6331415463354572,10764.0,161279.3940498043,2292627529387.275,27.87263099219621,25.030325893743992,170.38356916578883,2321.9392334605395
8866d33167fffff,0.2941302069418424,55760.0,258922.11730070185,2684069031049.213,15.666792766891126,19.744981749936,14.089790032516516,2324.2943038425256
8866d33a5bfffff,0.3392888209878818,29109.0,117938.4302403168,1631099095444.2852,29.476210106839808,34.517041589250695,7.320234466961406,2277.612032917806
888f2e05c1fffff,0.6666666666666666,637.0,65911.34060228453,296014731195.4768,28.213500784929355,24.25069432266296,53.90493266107259,1711.0672920731377
8866d32a5dfffff,0.2731827905414682,5924.0,40624.94852352119,445732556627.0506,82.54540850776502,15.737738947090657,71.45483431401796,2175.556404387278
888f2b9a21fffff,0.2664473684210526,10705.0,65232.74142815138,709270235182.4133,40.28381837140961,15.29089331335764,261.2907371238257,2561.7526458446528
8866d33a19fffff,0.3119871196845236,18740.0,47308.99295478297,404084001547.3108,68.74861388334442,15.746963774984287,36.17006573318364,1973.1103436220192
8866d3399bfffff,0.3257922546104789,4977.0,29788.911543144128,299986950906.7931,84.16207322089674,30.91585338872202,89.20470221176522,2232.361705532667
888f2b4319fffff,0.743470092513373,13292.0,69638.71042048567,821483093964.4161,45.33415700941525,24.617326643417925,147.87964966421382,2341.1071700438924
888f0d9135fffff,1.0,10034.0,219521.889025722,1698623485413.3423,21.71630011575292,24.165057809830333,298.47234679393057,1682.252064451377
888f2b9a27fffff,0.2407021558472841,17748.0,64862.8889932383,566305474805.1539,64.67798518518518,22.84488090199465,101.8350577628418,2187.4509622929845
8866d322c9fffff,0.2110836885797621,196.0,8113.560130544552,28131091197.70248,249.6071428571429,29.2648957444599,52.91609595186699,1643.5718332802426
888f2bd611fffff,0.3503363150960405,18022.0,193648.5936087828,2111193342009.304,32.01864387970259,18.845780376173416,77.3048665533641,2195.897065218499
8866d32145fffff,0.3496073592102311,389.0,30769.66745227433,82857729850.99365,44.74035989717223,17.440764696895577,75.53971767208583,2228.807638779489
888f2b98e7fffff,0.197090208624415,37313.0,136548.127857643,1287531337464.7546,28.871975350520128,33.65456966708027,205.6695861686914,2934.921931625187
8866d331a1fffff,0.4822381083783141,1140.0,55545.05946676496,235818112171.4668,29.776315789473685,26.36617206670943,116.78868421259295,1658.497026392616
8866d32309fffff,0.5004688051532629,5188.0,152385.34492385155,461450694802.7047,16.66461063993832,24.875911927287817,108.71816973498991,2320.046119071105
8866d32301fffff,0.5403205192974112,4229.4,48261.87484903232,387168394364.5293,69.70555011395601,25.485340911525448,199.691096611452,2279.5210553113156
888f2b9803fffff,0.3455712897442863,62178.0,154743.92531041,1274653124479.9224,23.99469117773388,34.24345096949084,204.98861298195155,1992.2891304139675
8866d33a13fffff,0.3260060333989501,22022.0,119690.7628840403,1108375291709.9746,34.04724897492133,20.730825042565687,11.102290414647786,2838.127033410352
888f7699a3fffff,0.6917948717948719,11434.0,196802.887464564,2240719481892.9507,25.306017141857616,28.37286439848862,289.5356089308137,1689.397112346754
888f769833fffff,0.3968,5056.0,121125.12824698612,1689528493392.9956,40.98496835443038,18.73134048102612,61.75236301103048,2568.021030496171
8866d3316bfffff,0.2916287802746715,1186.0,55416.811457264725,298325932886.4904,17.031197301854974,29.92982810236048,221.4100849279112,2148.7468174951982
888f2b9a37fffff,0.7430340557275542,167.0,305491.97101449274,3634540326063.196,3.508982035928144,25.27978978319621,164.27771284612086,2774.9630572209926
888f2e3089fffff,0.4867913327396854,12953.0,194493.83678965463,2658482920347.0786,25.88465992434185,26.871849071080973,290.9463135235634,1743.350108673719
888f2b8a43fffff,0.3709519283752384,15713.0,51488.73062280218,440641738692.69775,65.76334719197519,17.223949646123028,292.0466907532191,2247.3835233951804
888f0d9a51fffff,0.5689655172413793,4760.0,31960.066295307424,272219812329.2699,124.92526455026454,28.660135468327137,174.02586235134336,2190.80924591121
8866d33105fffff,0.3691733895224253,28120.0,137071.06336422695,1248022991858.1064,31.004060761016696,21.82132702100517,268.3656680682274,2988.237022234969
888f2b9a2bfffff,0.4615908639055995,4229.4,48261.87484903232,387168394364.5293,69.70555011395601,25.485340911525448,199.691096611452,2279.5210553113156
8866d3388bfffff,0.278092779920977,38518.0,117735.2930051415,981664814293.094,40.80282777058127,33.566371251754504,130.44820158112387,2422.829157346516
888f2b9831fffff,0.2877153635185501,25443.0,332964.5784730111,3984221167109.048,15.706206029163228,28.914973779692343,283.0847760502797,2381.6540412932973
8866d32a4dfffff,0.2557743814706969,20458.0,62378.53401844801,773120294893.193,41.14819032529584,34.24894589884222,5.913161326309247,1762.9544135364897
888f286551fffff,0.4364363040752084,4229.4,48261.87484903232,387168394364.5293,69.70555011395601,25.485340911525448,199.691096611452,2279.5210553113156
888f2d3a63fffff,0.7684586029533764,7033.0,106553.35806871355,1272490285316.561,46.49367268590928,22.40944205582764,219.9339067245843,2785.7688854981297
888f2b9809fffff,0.4443791377106458,58122.0,109773.89690863846,888395765737.9445,33.04960370131594,32.3719825637892,299.13735004731336,1830.917929066817
8866d32a61fffff,0.1949592401465859,27007.0,72624.51987383986,601072993588.5366,56.04885543094177,27.191286679597937,29.832417827803543,2634.244993342869
888f76d68dfffff,0.5511001031991745,2115.0,159488.7698223697,832350877836.6423,13.12340425531915,23.23681828294537,279.2846086520933,2796.845414284005
888f2b9857fffff,0.894736842105263,51271.0,213276.27888733405,1876252413917.1008,22.204158557820342,16.554692739299696,55.65765471093634,2703.964964693566
888f2b9b11fffff,0.2455304928989139,8816.0,34188.659834512095,293100221313.04535,82.76516403115411,24.182715124765224,261.5350699776605,1577.9348663314026
8866d32a85fffff,0.2609866258255212,4229.4,48261.87484903232,387168394364.5293,69.70555011395601,25.485340911525448,199.691096611452,2279.5210553113156
888f7699edfffff,0.5350603174603176,10449.0,38793.25318975273,532005415461.1037,56.0618020793223,16.03647073644854,133.12506579137136,2907.457227672724
888f0d9a1dfffff,0.4267676767676768,3974.0,94154.59780028329,1069571908929.3846,38.84197282335179,16.88885921511857,177.88198045251096,2632.5628931194174
8866d33aedfffff,0.3032843929604684,12175.0,93905.30464550818,1211047014937.502,45.90899383983573,27.70187301735288,297.350587841093,2969.955494038276
888f769903fffff,0.3626666666666666,4229.4,48261.87484903232,387168394364.5293,69.70555011395601,25.485340911525448,199.691096611452,2279.5210553113156
8866d321ddfffff,0.2074322579695965,4229.4,48261.87484903232,387168394364.5293,69.70555011395601,25.485340911525448,199.691096611452,2279.5210553113156
888f76d6c5fffff,0.4939433551198257,6924.0,159394.4503773585,2111868315299.1536,24.7420566146736,18.27311885731409,221.53476277539795,2944.215535611039
8866d33109fffff,0.3020685540620475,14496.0,151666.4171565906,1948878803846.5227,30.07698675496689,33.49387236557126,127.56405134077004,1812.765771536004
8866d306b9fffff,0.2350704713729169,4229.4,48261.87484903232,387168394364.5293,69.70555011395601,25.485340911525448,199.691096611452,2279.5210553113156
8866d32205fffff,0.4372115552689732,2291.0,71339.08339386062,319585340647.5693,23.968572675687472,34.73773873201034,251.66942593378025,2826.309695022612
8866d321c3fffff,0.3491231451477445,4229.4,48261.87484903232,387168394364.5293,69.70555011395601,25.485340911525448,199.691096611452,2279.5210553113156
8866d3226bfffff,0.423995664539941,800.0,41475.70564680119,174077601758.53726,41.03625,32.744254851526534,67.38144688199459,2605.310617416273
888f2b9859fffff,0.4716481786443581,4229.4,48261.87484903232,387168394364.5293,69.70555011395601,25.485340911525448,199.691096611452,2279.5210553113156
8866d33897fffff,0.2386744929928397,45533.0,177471.13342408414,1951131638629.9624,20.96150228433217,20.88897784139172,81.6435411689888,1696.0655651102993
888f769933fffff,0.671358024691358,4153.0,72994.33102178984,743704550899.2383,40.58998748435545,23.20793653979323,11.803062200552894,2175.526468358119
8866d32a8bfffff,0.2272631521039746,1148.0,34773.5740088352,189255749222.752,47.73257839721254,17.897897441824462,200.42554097119384,2098.9738737139623
888f2b8a6bfffff,0.3770602375058299,12255.0,33621.54781617957,291332120325.2536,90.55759897828864,17.376358325361437,7.376074937640453,2561.5214021113734
888f2b9a0dfffff,0.8310249307479224,365.0,97087.23276283618,327238972425.69965,12.208219178082192,17.727429511735394,212.71815583527493,1601.5025428500023
888f7699a1fffff,0.6504383837163569,16474.0,77899.57391449972,640430653016.46,61.41550456389452,18.417751747801315,295.9890368876541,2451.2132074436054
8866d33881fffff,0.2904176113356479,22690.0,95929.2579777651,1430580889415.3684,39.53530189510798,34.07857154005175,22.54133452074263,1593.437697195094
888f28653bfffff,0.2416722557567628,4229.4,48261.87484903232,387168394364.5293,69.70555011395601,25.485340911525448,199.691096611452,2279.5210553113156
888f2bd6cdfffff,0.5234079674323932,480.0,75406.85673913044,574508158513.5848,30.18125,17.412717422012015,103.78049776408888,2733.1547409003383
8866d33147fffff,0.1846982275072919,8751.0,37136.0417967317,498397908233.94495,107.5298822991658,16.682799299900978,248.9225411121605,2793.021723408934
888f0d9129fffff,1.0,9579.0,81954.39745869904,1160152401233.844,49.77763858440338,26.715511625469265,105.03757775001904,2148.1153244162942
888f286497fffff,0.6141468741468742,4229.4,48261.87484903232,387168394364.5293,69.70555011395601,25.485340911525448,199.691096611452,2279.5210553113156
8866d3210bfffff,0.3274195851265629,410.0,6183.34702317921,23452590346.482426,148.83673469387756,24.12139968434072,228.73760572220715,2411.857639190167
8866d321a1fffff,0.2822248280149948,5783.0,46287.94267679838,243704933246.412,62.161162026629775,34.39169255529117,151.7666036653398,2120.323652288027
8866d32f41fffff,0.3693964550145838,4229.4,48261.87484903232,387168394364.5293,69.70555011395601,25.485340911525448,199.691096611452,2279.5210553113156
8866d338c7fffff,0.4154174431951389,39031.0,242481.38203373525,2540398653856.077,18.4463281418992,22.189823024395103,66.36283254588066,1518.18116196584
8866d32247fffff,0.4773508588238227,4229.4,48261.87484903232,387168394364.5293,69.70555011395601,25.485340911525448,199.691096611452,2279.5210553113156
8866d306b3fffff,0.4114564474172345,4229.4,48261.87484903232,387168394364.5293,69.70555011395601,25.485340911525448,199.691096611452,2279.5210553113156
8866d33a91fffff,0.4608136504106536,13292.0,69638.71042048567,821483093964.4161,45.33415700941525,24.617326643417925,147.87964966421382,2341.1071700438924
8866d33123fffff,0.3463091765761724,15315.0,34410.176017676684,305056787449.45166,93.1870959051724,25.59301156712013,41.80682222184724,2802.085035161176
8866d32acbfffff,0.392187742703785,3957.0,44806.46621136071,160587336882.97638,28.465103745621125,27.670594215217896,126.42736517774938,1691.5702254528524
8866d3220dfffff,0.3900350827095274,852.0,49858.235648334005,223065754141.05627,24.66197183098592,31.30922856909668,155.65141713782162,2116.542704710057
8866d3b101fffff,1.0,4229.4,48261.87484903232,387168394364.5293,69.70555011395601,25.485340911525448,199.691096611452,2279.5210553113156
888f2865edfffff,0.2708066581306018,4229.4,48261.87484903232,387168394364.5293,69.70555011395601,25.485340911525448,199.691096611452,2279.5210553113156
888f2a7665fffff,1.0,3132.0,65586.54868051491,762009533215.3129,25.042303937520337,16.69675428170384,189.78656794018443,2691.2959969156263
888f2e30c5fffff,0.4289848619768477,3717.0,48333.573016335205,678396400375.6718,93.3976324993274,25.742130836370954,155.9321845668053,2835.387079526703
8866d32123fffff,0.2468929417240259,737.0,31080.72443686749,276014935325.51074,38.40705563093623,15.929008254399957,253.93568752035543,1527.3488740145424
8866d32addfffff,0.2770473412609379,793.0,37759.431045166624,191625606127.6993,37.7906683480454,15.815502831095278,177.0884827544423,1894.668854866264
8866d306e5fffff,0.3476127242922683,4229.4,48261.87484903232,387168394364.5293,69.70555011395601,25.485340911525448,199.691096611452,2279.5210553113156
8866d32ac1fffff,0.2986082436141933,676.0,8338.242699711025,37166366069.55109,152.04289940828403,19.752750879847994,62.3658765438082,2281.436965908063
888f2b99c1fffff,0.2466922459492118,10808.0,50748.79549639359,415614525509.47095,78.9245029295937,27.36256480915792,26.35994974345001,1884.795093666372
888f2e0ed1fffff,0.7733559933607613,17406.0,70617.27105674296,613901439270.8171,60.16895695865367,20.38486461898762,49.05716177550683,2950.689922888756
888f7699a9fffff,0.6211233139303831,21466.0,100497.63768310232,984388883459.096,40.7962183834084,26.432253789398,191.7359813446501,2529.4907950291463
8866d33ad5fffff,0.4222088985040941,26018.0,297801.59824142593,3352924088693.998,15.943615958182797,15.814576046379402,203.89418480792096,2072.909459479344
8866d32a89fffff,0.3681197391562385,4229.4,48261.87484903232,387168394364.5293,69.70555011395601,25.485340911525448,199.691096611452,2279.5210553113156
888f2b982dfffff,0.3421052631578947,32801.0,253600.9842634629,2440136032793.2803,15.047309136420523,27.58797276270525,129.7004403127806,2357.80840684078
8866d33149fffff,0.2308727843841149,2773.0,41874.71179656228,496077395193.4376,60.79192210602236,18.23257428189228,61.92638152818096,2884.1357857700914
888f769837fffff,1.0,2216.0,64509.53036196403,1015728293400.1526,40.449909747292416,18.467471905895096,80.92488345509689,1650.9562177853
888f2b9993fffff,0.1866028708133971,20473.0,105283.74135499509,946376167090.7616,31.81641791044776,24.01088270620187,185.4467202954357,2905.2336930496376
888f2b9a35fffff,0.2143421052631579,48476.0,157357.82598551476,1134978706652.4883,32.730034664723675,21.965109340466007,268.4449968181583,2918.5472205004235
8866d32a69fffff,0.2230548699922718,7238.0,32249.184246543708,413098191010.0324,123.64921248963802,20.57292928473223,256.7089404318857,2693.174941184594
888f2865e7fffff,0.318517146422076,4229.4,48261.87484903232,387168394364.5293,69.70555011395601,25.485340911525448,199.691096611452,2279.5210553113156
8866d338c1fffff,0.41970407407887,42883.0,101896.68249233202,892953449563.9884,39.6732290566135,29.815372355084087,254.75869546959572,1705.664558593499
888f2b9821fffff,0.3189371814923852,46260.0,113633.47750173484,775884707363.4164,38.82745203602192,16.475931294707976,196.35336428434056,1677.504286385081
8866d32a23fffff,0.335535251373632,21527.0,45298.72898386411,330971542637.3223,70.50753175150143,32.21461166512687,283.8346386400898,2476.316053570791
888f0d9a0bfffff,0.3125,2742.0,45095.89241895122,494236493105.2745,79.11633843909556,18.915822695785927,244.74993749718533,2792.054994545154
888f2a3b59fffff,0.1933333333333333,4229.4,48261.87484903232,387168394364.5293,69.70555011395601,25.485340911525448,199.691096611452,2279.5210553113156
888f2b9827fffff,0.2688340826682734,4229.4,48261.87484903232,387168394364.5293,69.70555011395601,25.485340911525448,199.691096611452,2279.5210553113156
8866d14d67fffff,1.0,1835.0,65588.10020277767,375220309020.2754,29.505722070844687,18.12037280884873,115.16736641196344,2082.8371519055186
8866d33ae1fffff,0.3603034980581527,19608.0,79881.7108725265,789757975422.9156,54.068792859475344,24.832317502336647,125.2742327354785,2465.856380311696
8866d3213dfffff,0.2556916087054072,3309.0,156481.85414071922,772831218312.7163,16.287700211544273,23.803049874792027,162.81733300427885,1652.1312426738248
888f2b993dfffff,0.5173365433620601,5600.0,40016.01375868058,382666037785.4312,110.77233963663328,24.373863195899403,143.98165041513704,2231.3567905100763
888f282833fffff,0.5400824464630442,1248.0,27680.219890943576,141384841129.872,102.39503205128206,28.93474330728301,242.85482241746345,2906.0820997456785
8866d331adfffff,0.426342374820689,3706.0,39198.23764200531,209152401620.7322,48.82892606583918,22.35431606118867,106.70181493948472,1824.0572737643995
8866d33ac7fffff,0.3868833730050788,32940.0,89972.08743826895,809055660094.4652,44.02770756048718,30.15692220928738,5.362180420024143,2951.790052267545
888f286485fffff,0.5252037126976418,4229.4,48261.87484903232,387168394364.5293,69.70555011395601,25.485340911525448,199.691096611452,2279.5210553113156
888f2b99e9fffff,0.3859649122807018,28861.0,97665.75491128588,922772138300.7596,35.26332409389144,30.10274511347238,9.475843447692611,2285.08636706155
888f2865a1fffff,0.2022431273640411,914.0,14662.934092307692,97033320084.90428,107.67505470459518,16.82573353572267,251.1039985091016,1806.053451943348
8866d33159fffff,0.4476366763892005,6906.0,72425.67160579476,1022293095736.706,54.0172313929916,18.216161028349973,199.51100236387663,1719.5609882433737
8866d33a55fffff,0.3358221935270597,10614.0,52112.959201013946,445643089470.4497,70.24672510588003,25.81270243220213,265.79332447085613,2455.004523250811
888f76d687fffff,0.5422222222222222,5761.0,89895.95510343993,1333664897042.208,44.060406179482726,30.204557197793733,260.67149534361545,1666.4842038202216
8866d32ad5fffff,0.4489193029691122,1026.0,15007.215198140862,77717211561.61931,129.3849902534113,16.805795401088165,245.23306852153223,2673.042131505579
888f7699ebfffff,0.5262347225424149,22213.0,177402.2129031344,2468334706051.67,26.42574168279836,25.651788651031715,201.78063546753788,2479.7441857969243
8866d32357fffff,0.3946052318055662,6977.0,151615.48380536144,636675572071.4374,14.653146051311452,20.79502905827536,62.97167792867573,2586.508225693112
888f2b4235fffff,0.2661654135338346,4229.4,48261.87484903232,387168394364.5293,69.70555011395601,25.485340911525448,199.691096611452,2279.5210553113156
8866d3220bfffff,0.2970293132427209,2651.0,104852.57940186368,418446033844.64825,9.574500188608072,15.110442342472048,260.96890861863847,2416.471483276488
8866d33a93fffff,0.3948689542235339,4229.4,48261.87484903232,387168394364.5293,69.70555011395601,25.485340911525448,199.691096611452,2279.5210553113156
8866d32209fffff,0.5136919452546557,137.0,116199.75,868278847496.9662,7.854014598540146,18.974313630683447,276.2525647852117,1818.06725986234
8866d338ebfffff,0.3037143666427411,25662.0,201466.15579811623,2755726784084.401,25.452497856753176,29.03933754515407,209.226080174052,1647.123871176367
888f2b8369fffff,0.1765493135047926,5145.0,171296.63822173284,590850379830.4486,6.940136054421768,26.1680849947161,186.27465533024312,2707.483499521155
8866d3068bfffff,0.2188519363364868,868.0,18754.58271542612,117855631833.51492,110.55990783410138,21.08484485919076,268.1677749152873,2278.622677704327
888f2a3761fffff,0.2223513011152416,4229.4,48261.87484903232,387168394364.5293,69.70555011395601,25.485340911525448,199.691096611452,2279.5210553113156
888f7699a5fffff,0.6261870976859277,23631.0,115736.8699945569,1429754850568.659,25.217761084488192,33.58751978255172,1.4819942803228847,2514.266343113151
888f2b9833fffff,0.2442105263157895,56382.0,142161.89780140595,1128020627163.0583,24.486236830390265,24.090821295355465,125.91819507783669,1776.7143797004592
8866d3313bfffff,0.3113364907180693,399.0,32406.662492495067,154247226290.79782,30.230576441102755,32.94220519905154,172.95494265427607,2963.4153012898723
8866d33a51fffff,0.3092614344827034,41625.0,147571.92840696863,1454370946741.2595,28.83106287805622,16.033634423372153,95.62575087962098,2489.030883308674
888f2e3183fffff,0.4652777777777778,4229.4,48261.87484903232,387168394364.5293,69.70555011395601,25.485340911525448,199.691096611452,2279.5210553113156
888f2cb723fffff,0.5698470676149248,2474.0,64628.80919391524,772102707579.8972,39.7413096200485,31.124025595861227,273.7090036850073,1736.932234253022
8866d321a5fffff,0.3117685859962275,2995.0,126426.87997817397,449136002714.3854,14.92657077971234,33.78997883128378,5.433055146252153,1771.7240243020206
8866d33a63fffff,0.2884227860345214,2536.0,57020.046102031,692993952076.657,55.092665615141954,25.326006966023904,261.029662170279,1725.2535012255626
8866d33135fffff,0.2755134279811427,5724.0,25495.73791358278,204436974941.9547,112.5773381294964,21.984191492253217,274.2896419681497,2542.4266333536925
888f2b9903fffff,0.5155746509129968,4229.4,48261.87484903232,387168394364.5293,69.70555011395601,25.485340911525448,199.691096611452,2279.5210553113156
888f2e0ed3fffff,0.7148702045153266,14756.0,149950.85741197373,2044479176526.202,31.974722146923284,22.545683262092453,117.3244609955282,2126.641468912649
888f2b984dfffff,0.3013255360623781,36685.0,96839.14461573244,839649922882.3511,41.93440792487403,24.27396809879964,259.3074749518911,2809.0953757269026
8866d33155fffff,0.3106288371713546,2945.0,25246.277162460883,140803980281.23828,60.15687606112054,28.270035382161115,179.2239306510925,2253.849114695164
888f2a3b0dfffff,0.6023076923076923,4229.4,48261.87484903232,387168394364.5293,69.70555011395601,25.485340911525448,199.691096611452,2279.5210553113156
8866d321edfffff,0.1744372148679979,4009.0,108197.84491081804,465732211886.3458,21.91968071838364,17.818484499495252,135.25181142123964,2927.105013309985
888f2b9a09fffff,0.1819298245614035,13292.0,69638.71042048567,821483093964.4161,45.33415700941525,24.617326643417925,147.87964966421382,2341.1071700438924
8866d33127fffff,0.3474400718887911,4908.0,21138.906213200225,183139457253.25903,179.39460370994942,16.862055356117985,295.32065421106563,2685.045654460592
8866d306bbfffff,0.277618959586168,2582.0,157049.5910307439,895118073474.8182,12.288148721920992,25.49512863264476,236.57916336735923,2218.772816444596
